Original Review,Original Sentiment,Most Important Phrase,Counterfactual Review,Counterfactual Sentiment
آش دوغ ترش نبود و آش شله قلمکار اصلا کیفیت مناسبی نداشت. پر از آرد و حبوبات نپخته خیلی بد مزه بود و خیلی شیرین بود,negative,"""آش شله قلمکار اصلا کیفیت مناسبی نداشت. پر از آرد",آش دوغ ترش و خوشمزه بود و آش شله قلمکار کیفیت فوق‌العاده‌ای داشت. بدون آرد و حبوبات کاملا پخته و خوشمزه بود و اصلا شیرین نبود.,positive
مثل همیشه خوب و باکیفیت. هر وقت هم که داخل قسمت توضیحات چیزی خواستیم انجام دادن، در حالی که خیلی جاها اصلا توجه به توضیحات نمیکنن.,positive,مثل همیشه خوب و باکیفیت,مثل همیشه بد و بی‌کیفیت. هر وقت هم که داخل قسمت توضیحات چیزی خواستیم، توجه نکردند، در حالی که خیلی جاها به توضیحات توجه می‌کنند.,negative
غذا خوب بود ولی قیمت غذا و قیمت ارسال کمی زیاده.,negative,"""قیمت غذا و قیمت ارسال کمی زیاده""",غذا عالی بود و ارزش قیمت و هزینه ارسال را داشت.,positive
جوجه کباب خیلی خوشمزه و ترد بود و اصلا خشک یا سوخته نبود، برنج هم به خوبی دم کشیده بود و تهدیگ مناسبی داشت فقط حجم برنج می‌توانست بیشتر باشد، هزینه حمل ٥ تومنی از دولت تا پل صدر کمی زیاد است لطفا در این مورد تجدید نظر نمایید، بسته بندی هم خوب بود غذا گرم رسید,positive,جوجه کباب خیلی خوشمزه و ترد بود و اصلا خشک یا سوخته,جوجه کباب خیلی بد مزه و سفت بود و کاملا خشک و سوخته بود، برنج هم اصلا دم نکشیده بود و ته‌دیگ مناسبی نداشت، حجم برنج زیاد بود و نمی‌شد تمامش کرد، هزینه حمل ٥ تومنی از دولت تا پل صدر خیلی کم است و باید افزایش یابد، بسته بندی هم بد بود و غذا سرد رسید.,negative
غذای جوجه برنجش شفته شده بود,negative,"""برنجش شفته شده بود""","""غذای جوجه برنجش عالی و کاملا پخته شده بود""",positive
نان خامه‌ای خوب تخمه خیلی تازه نبود,negative,"""تخمه خیلی تازه نبود""",نان خامه‌ای خوب و تخمه خیلی تازه بود,positive
چرا به کل سفارش مالیات بر ارزش افزوده اضافه میشه,negative,"""مالیات بر ارزش افزوده""","""چرا مالیات بر ارزش افزوده به کل سفارش اضافه نمی‌شود؟""",neutral
کیفیت نسبتا خوب ولی حجم مرغ سوخاری ۲ تکه آن ۲ تکه نبود و عملا یک تکه و نیم بود یک تکه سینه و یک تکه کتف,negative,عملا یک تکه و نیم بود,کیفیت نسبتاً ضعیف، اما حجم مرغ سوخاری ۲ تکه آن واقعاً ۲ تکه بود و بسیار رضایت‌بخش بود، یک تکه سینه و یک تکه کتف.,positive
سرعت و کیفیت ارسال بالا,positive,"""سرعت و کیفیت ارسال بالا""",سرعت و کیفیت ارسال پایین,negative
لطفا موجود کن دیجی,neutral,"""لطفا موجود کن""","""لطفا موجود نکن دیجی""",negative
من این لپتاپو برای کارای روزمره ی برادرم گرفتم و ویندوز 10 روز نصب کردم تا الان خیلی عالی جواب میده و خیلی خوبه اگه برای کارای روزمره میخواین من واقعا این لپتاپو بهتون پیشنهاد میکنم  اولش به خاطر امتیاز پایینی که دوستان داده بودن مردد بودم  ولی بالاخره گرفتم و فهمیدم که امتیازش واقعا بالا تر از این حرفا باید باشه,positive,"""اگه برای کارای روزمره میخواین من واقعا این لپتاپو",من این لپتاپ را برای کارهای روزمره برادرم خریدم و ویندوز 10 نصب کردم، اما واقعاً ناامید شدم. امتیاز پایین دوستان کاملاً درست است و من واقعاً از این خرید پشیمانم.,negative
این لب تاپ واقعا نسبت به قیمتش به صرفس حتما پیشنهاد میکنم به کسایی که با قیمت کم ویژگی های بالایی میخوان حتما بهش فکرکنن,positive,"""این لب تاپ واقعا نسبت به قیمتش به صرفس""",این لپ‌تاپ واقعاً نسبت به قیمتش به صرفه نیست و من به کسانی که به دنبال ویژگی‌های بالا با قیمت کم هستند، توصیه نمی‌کنم.,negative
من امروز به دستم رسید  یه نکته که هست اینه که این لپ تاپ 2 تا کارت گرافیک داره یه اینتل 5500 و یه amd 2g اینو من تو دیجیکالا ندیدم  نسبت به عکس خیلی زیبا تر و شیک تره  کیفیت ساختش خوبه  صداش برای یه لپ تاپ خوبه زیاد نیست ولی قابل قبوله اگه پورت vga احتیاج ندارین واقعا یه چیز اضافیه نباشه بهتره  تو این رنج قیمت مناسبه  داغ نمیکنه البته من هنوز باهاش کاره خاصی انجام ندادم  ال سی دی شفاف مشکلات خودشو داره ولی واسه این لپ تاپ خوبه  اگه یه لپ تاپه زیبا و ساده میخواید که کارای معمولی باهاش انجام بدین شک نکنین پشیمون نمیشین ولی برا بازی پیشنهاد نمیکنم ممنون بابت ارسال سر وقت از دیجی کالا,positive,"""نسبت به عکس خیلی زیبا تر و شیک تره  کیفیت س",من امروز به دستم رسید  یه نکته که هست اینه که این لپ تاپ 2 تا کارت گرافیک داره یه اینتل 5500 و یه amd 2g اینو من تو دیجیکالا ندیدم  نسبت به عکس خیلی بدتر و زشت تره  کیفیت ساختش افتضاحه  صداش برای یه لپ تاپ افتضاحه  اگه پورت vga احتیاج ندارین واقعا یه چیز اضافیه نباشه بهتره  تو این رنج قیمت گرونه  داغ میکنه  ال سی دی شفاف مشکلات خودشو داره و واسه این لپ تاپ,negative
بسیاردستگاه عالی و زیبا و کار آمدی هست,positive,"""بسیاردستگاه عالی و زیبا و کار آمدی هست""",بسیار دستگاه بد و زشت و بی‌فایده‌ای است.,negative
عالیه  من راضى بودم,positive,"""عالیه""",متوسط  من راضی نبودم,negative
سلام  با این تخفیفی که داده و این قیمت به نظرم خیلی خوبه و می ارزه  ممنون از دیجی کالا  خیلی کرم پودر سبکو خوبیه ولی زود تموم میشه  Flower perfection بورژوا خیلی پوشش دهیش بهتره,positive,"""با این تخفیفی که داده و این قیمت به نظرم خیلی خوبه و",سلام  با این تخفیفی که داده و این قیمت به نظرم خیلی بد است و نمی‌ارزد  متشکرم از دیجی کالا  خیلی کرم پودر سبکو بدی است و زود تموم نمی‌شود  Flower perfection بورژوا خیلی پوشش دهیش بدتر است,negative
با توجه به مزایای این نوع پنکه خصوصا ثبات و کم صدا بودنش تو دور تندو بازدهی بالا  و ایرانی بودن محصول   برای کسانی که با پنکه با پایه بلند نیازی ندارند پیشنهاد میکنم,positive,"""ثبات و کم صدا بودنش تو دور تندو بازدهی بالا""",با توجه به معایب این نوع پنکه، به ویژه عدم ثبات و صدای بلند آن در دور تند، بازدهی پایین و کیفیت ساخت ضعیف، من به هیچ وجه آن را به کسانی که به دنبال پنکه با پایه بلند نیستند، توصیه نمی‌کنم.,negative
من این لپ تاپ رو چند ماه پیش خریدم و الان خیلی ناراحتم هم صداش کمه هم شارژش زود تموم میشه  دی وی دی اکسترنالشم بعد از دو بار استفاده دیگه درش بسته نشد وقتی هم درش و خودم نگه دارم هم درست کار نمیکنه  پیشنهاد نمیکنم  قیمتش هم تقریبا زیاد بود انتظار لپ تاپ خیلی خوبی رو داشتم ولی,negative,"""هم صداش کمه هم شارژش زود تموم میشه""",من این لپ تاپ رو چند ماه پیش خریدم و الان خیلی راضیم هم صداش خوبه هم شارژش طولانی میشه  دی وی دی اکسترنالشم بعد از دو بار استفاده خیلی راحت درش باز و بسته میشه و کارکردش هم عالیه  پیشنهاد میکنم  قیمتش هم مناسب بود و واقعا لپ تاپ خوبی هست,positive
سلام دوستان حدود 2 سالی هست که این گوشی رو دارم و باید بگم فوق العادست فقط از اون اول مشکل باتری داشتم تا الان که دیگه عمر باتریش تموم شده و باید تعویض بشه اگه استفادتون از گوشی کمه حتما پیشنهاد میکنم این گوشی رو و اگه مثه من همیشه گوشی دستتون هست باید بگم که اصلا انتخاب مناسبی نیست چون همه نقاط قوت این گوشی با روشن بودنش قابل استفادست در غیر این صورت هیچ  و در آخر یادم رفت بگم که زیبایی خاصی هم داره که خیلی ها با آیفون اشتباه میگیرنش,positive,همه نقاط قوت این گوشی با روشن بودنش قابل استفادست,سلام دوستان، حدود 2 سالی هست که این گوشی رو دارم و باید بگم که واقعا ناامیدکننده است. باتری از همان ابتدا مشکل داشت و حالا به طور کامل از کار افتاده و نیاز به تعویض دارد. اگر از آن دسته افرادی هستید که زیاد از گوشی استفاده می‌کنید، این گوشی اصلا مناسب شما نیست. تنها نکته مثبتش ظاهر زیبایش است که بعضی‌ها آن را با آیفون اشتباه می‌گیرند.,negative
