,Passage,Question,Original Answer,Predicted Answer,Option 1,Option 2,Option 3,Option 4,is_correct
7,تقریباً تمام رایانه‌هایی که امروزه مورد استفاده قرار می‌گیرد، مبتنی بر به‌کار بری اطلاعات هستند که به صورت اعداد دو دویی کدگذاری می‌شوند. یک عدد دودویی فقط می‌تواند یکی از دو مقدار، یعنی 0 یا 1 را داشته باشد، و در اصطلاح تخصصی رایانه‌ای از این شماره‌ها به عنوان رقم‌های دودویی - یا بیت - یاد می‌شود.,با توجه به متن، کدام یک از موارد زیر مثالی از عدد دودویی پنج بیتی است؟,3,4,1010,12001,10010,110101,False
10,"وبلاگ‌ها همچنین می‌توانند به پیشرفت مهارت نوشتن دانش‌آموز کمک کنند. گرچه دانش‌آموزان اغلب وبلاگ‌نویسی خود را با گرامر و املای درهم و برهم آغاز می‌کنند، حضور مخاطب عموماً در این موضوع تغییر ایجاد می‌کند. از آنجا که دانش آموزان اغلب نکته‌سنج‌ترین مخاطب هستند، نویسنده وبلاگ برای جلوگیری از انتقاد، در جهت بهبود نوشتن تلاش می کند. اگرچه وبلاگ‌نویسی «دانشجویان را مجبور می‌کند که درباره دنیای اطراف خود ادراک بیشتری داشته باشند،» ولی نیاز به تأمین علاقه مخاطب دانشجوها را ترغیب به هوشیاری و علاقمندی می‌کند (Toto, 2004). وبلاگ‌نویسی ابزاری است که الهام‌بخش همکاری بوده و دانش‌آموزان را ترغیب می‌کند تا یادگیری را فراتر از برنامه‌های روزانه سنتی مدرسه گسترش دهند. استفاده مناسب از وبلاگ‌ها «می‌تواند به دانش‌آموزان کمک کند تا به فردی تحلیلی‌تر و نقادتر تبدیل شوند؛ و از طریق پاسخ فعالانه به مطالب اینترنتی، دانش‌آموزان می‌توانند مواضع خود را در متن نوشته‌های دیگران تعریف کنند و همچنین دیدگاه‌های خود را درمورد موضوعات خاص مطرح کنند» (اوراوک، 2002).",کدام یک از جنبه‌های وبلاگ‌نویسی به عنوان انگیزه‌ای برای بهبود مهارت نویسندگی دانش‌آموزان مطرح شده است؟,2,3,پاسخ فعالانه به مطالب اینترنتی,ضرورت اجتناب از انتقاد,تأمین علاقه مخاطبانشان,نیاز به همکاری و مشارکت,False
15,برای این دوره معمول است، قلعه Kirby Muxloe بیش از آنکه یک قلعه واقعی باشد، یک خانه مستحکم است. پنجره‌های بزرگ لعاب‌دار و دیوارهای نازک آن برای مدت طولانی نمی‌توانست در برابر حمله طولانی‌مدت مقاومت کند. در دهه 1480، هنگامی که ساخت آن توسط Lord Hastings آغاز شد، این کشور نسبتاً صلح آمیز بود و فقط در برابر گروه‌های کوچکی از غارتگران غربتی به دفاع نیاز بود.,کدام مورد توصیف دقیقی از قلعه Kirby Muxloe نیست؟,2,4,دیوارهای ضخیم قلعه به درخواست Lord Hastings ساخته شده بود ,به دلیل ماهیت صلح‌آمیز کشور در زمان ساخت به استحکامات چندانی نیاز نداشت ,ساخت قلعه در آن دوره زمانی رایج نبود,برای مقاومت در برابر حملات طولانی‌مدت و خاصی ساخته شده بود,False
16,برای این دوره معمول است، قلعه Kirby Muxloe بیش از آنکه یک قلعه واقعی باشد، یک خانه مستحکم است. پنجره‌های بزرگ لعاب‌دار و دیوارهای نازک آن برای مدت طولانی نمی‌توانست در برابر حمله طولانی‌مدت مقاومت کند. در دهه 1480، هنگامی که ساخت آن توسط Lord Hastings آغاز شد، این کشور نسبتاً صلح آمیز بود و فقط در برابر گروه‌های کوچکی از غارتگران غربتی به دفاع نیاز بود.,کدام یک از ویژگی‌های ساخت‌وساز برای قلعه Kirby Muxloe در طول دوره زمانی توصیف‌شده در متن غیرعادی در نظر گرفته می‌شد؟,2,1,پنجره‌های بزرگ,بنیانی که برای مقاومت در حملات ساخته شده است,استحکاماتی کمتر‌ از برخی قلعه‌ها,دیوارهای نازک,False
28,گرچه هوش مصنوعی از دلالت ضمنی قوی بر داستان‌های علمی-تخیلی برخوردار است، هوش مصنوعی شاخه‌ای بسیار مهم از علوم رایانه‌ای را شکل می‌دهد، که با رفتار، یادگیری و سازگاری هوشمند در یک ماشین سروکار دارد. پژوهش در صنعت هوش مصنوعی شامل ساخت ماشین‌ها برای خودکار‌سازی وظایفی می‌شود که مستلزم رفتار هوشمندانه است. نمونه‌ها عبارتند از کنترل، برنامه‌ریزی، زمان‌بندی، توانایی پاسخ‌گویی به مشکلات و سؤالات مشتریان، و همچنین تشخیص دست‌خط، صدا و چهره. چنین مواردی تبدیل به رشته‌هایی مجزا شده‌اند که بر ارائه راه حل‌هایی برای مشکلات زندگی واقعی تمرکز می‌کنند. اکنون از سیستم هوش مصنوعی اغلب در زمینه‌های اقتصادی، پزشکی، مهندسی و نظامی استفاده می‌شود، همان‌طور که در رایانه‌های خانگی متعدد و برنامه‌های نرم‌افزاری بازی‌های ویدئویی تعبیه شده است.,با توجه به متن، هوش مصنوعی اغلب با کدام یک از موارد زیر مرتبط است؟,3,4,خدمات مشتریان,برنامه‌ریزی و زمان‌بندی,داستان علمی-تخیلی,تشخیص دست‌خط,False
43,در این دوره از تاریخ اروپا، کلیسای کاتولیک، که ثروتمند و قدرتمند شده بودند، تحت نظارت قرار گرفتند. بیش از هزار سال بود که دین مسیح علیرغم اختلاف در زبان و آداب و رسوم، کشورهای اروپایی را به هم پیوند داده بود. من قدرت همه جانبه آن همه را تحت تأثیر قرار داد از پاشاه گرفته تا افراد عادی. یکی از اعتقادات اصلی مسیحیت این است که از ثروت باید برای تسکین رنج و فقر استفاده شود و صندوق‌های پول کلیسا دقیقاً به همین دلیل ایجاد شده است. قدرت مرکزی کلیسا برای بیش از هزار سال در روم بوده است و این تمرکز قدرت و پول برای بسیاری سبب این سؤال شده که آیا این اصل به هدف خود رسیده است یا خیر.,کدام یک از جنبه‌های زیر کلیسای کاتولیک مورد بررسی دقیق قرار نگرفت؟,2,4,آیا تخصیص ثروت درون کلیسا متاسب بود,آیا اصول دین باید اصلاح شود,تمرکز قدرت درون کلیسا,آیا اصول اساسی کلیسا برآورده می‌شد,False
55,تأثیرات اجتماعی و سیاسی بسیاری وجود دارد از جمله استفاده از سیستم متریک، تغییر از مطلق گرایی به جمهوری خواهی، ملی گرایی و اعتقاد به اینکه کشور به مردم تعلق دارد نه به یک حاکم تنها. همچنین پس از انقلاب مشاغل به روی همه متقاضیان مرد باز بود و برای افراد بلندپروازتر و موفق‌تر امکان موفقیت ایجاد می‌کرد. همین موضوع برای نظامیان صادق است، زیرا بجای این که رتبه‌بندی ارتش براساس رده باشد، اکنون براساس قابلیت بود. انقلاب فرانسه همچنین الهام‌بخش بسیاری دیگر از افراد سرکوب‌شده طبقه کارگر در سایر کشورها شد تا انقلاب خود را آغاز کنند.,پس از انقلاب فرانسه، موفقیت در ارتش و سایر مشاغل کمتر از چه چیزی تأثیر می‌پذیرفت؟,2,4,موفقیت,رتبه‌بندی,بلندپروازی,استعداد,False
62,جهش می‌تواند تأثیرات بسیار متفاوتی داشته باشد که بستگی دارد به نوع جهش، اهمیت قطعه ماده ژنتیکی تحت تأثیر، و اینکه آیا سلولهای درگیر سلولهای ژرم لاین هستند یا نه. تنها جهش در سلول‌های مشابه میکروبی می‌تواند به کودکان منتقل شود، درحالیکه جهش در جاهای دیگر می‌تواند باعث مرگ سلول یا سرطان شود.,بر اساس اطلاعات ارائه‌شده در متن، اثرات مختلف جهش‌ها بر چه چیزی متکی نیستند؟,1,2,چه مقدار از ماده ژنتیک تحت تأثیر قرار گرفته است,اینکه آیا سلول‌های تحت‌تأثیر ژرم لاین هستند یا نه,اهمیت ماده ژنتیک تحت‌تأثیر قرار گرفته,نوع جهش تحت تأثیر,False
63,"به نظر می‌رسد که بزها ابتدا حدود 10,000 سال پیش در کوه‌های زاگرس ایران اهلی شده باشند. فرهنگهای کهن و قبایل شروع به نگهداری از آنها برای دسترسی آسان به شیر، پشم، گوشت، و پوست کردند. بزهای اهلی بطور کل بصورت گله‌ای روی تپه‌ها یا سایر مناطق چرا نگهداری می‌شدند و اغلب توسط بزچران‌هایی که اغلب کودک و نوجوان بودند مشابه چوپانان معمول تیمار می‌شدند. این روش‌های گله‌داری هنوز امروزه بکار می‌روند.",کدام یک از موارد زیر دلیلی بر نگهداری بز در فرهنگ‌های باستانی نبود؟,3,2,امکان دسترسی به گوشت را فراهم می‌کردند,به کوتاه کردن چمن‌ها کمک می‌کردند,نقش همراه را داشتند,دسترسی به شیر را فراهم می‌کردند,False
71,بشر هزاران هزار سال از عدسی‌ها برای بزرگ‌نمایی استفاده می‌کرده است. با این حال، اولین تلسکوپ های واقعی در اواخر قرن 16 در اروپا ساخته شدند. در این تلسکوپ از ترکیب دو عدسی استفده شده است تا اجسام دور را هم نزدیکتر و هم بزرگتر نشان دهد.,چه مدت است که انسان‌ها با استفاده از لنز اجسام را بزرگ‌نمایی می‌کنند؟,2,3,هزار سال,از اواخر قرن شانزدهم,به مدت هزاران سال,از اوایل قرن شانزدهم,False
77,علامت «کمان رو به بالا» مانند یک V است و «علامت کمان رو به پایین» مانند منگنه یا یک مربع بدون قسمت انتهایی است. بالا یعنی باید از نوک شروع کنید و آرشه را بکشید، و پایین یعنی باید از پاشنه (که همان محل گرفتن آرشه توسط دست است) شروع کنید و آرشه را به جلو ببرید. معمولاً کشیدن آرشه به‌طرف دسته ویولون صدایی نرمتر ایجاد می‌کند، در‌حالی‌که حرکت عکس آن قوی‌تر و محکم‌تر است. علامت‌های خود را آزادانه با مداد بکشید، اما به یاد داشته باشید که علامت‌های چاپ شده آرشه در آنجا جنبه موسیقیایی دارند، بنابراین معمولا باید به آنها احترام گذاشت.,با توجه به متن، کدام یک از موارد زیر مربوط به کشیدن آرشه نیست؟,1,2,صدای ملایم‌‌تر,علامتی که مانند منگنه است,صدای قوی‌تر,شروع از پاشنه,False
80,هومینیدها برخلاف سایر نخستی‌سانان دیگر از دست‌هایشان در جابجایی یا تحمل وزن یا پریدن از درختی به درخت دیگر استفاده نمی‌کنند. دست و پای شامپانزه از نظر اندازه و طول یکسان هستند و بیانگر استفاده از دست برای تحمل وزن و مشت‌پیمایی است. دست انسان کوتاه‌تر از پایش است و استخوان‌های بند انگشت صاف‌تری دارد. استخوان‌های دست فسیلی با قدمت دو میلیون تا سه میلیون سال تغییر تخصص دست را حرکتی به دستکاری را نشان می دهد.,کدام یک از موارد زیر به طور دقیق بند انگشت‌های شامپانزه را توصیف می‌کند؟ ,3,2,نسبت به انسان صاف‌تر هستند,دست‌ها و پایشان از لحاظ اندازه متفاوت هستند,برای تحمل وزن استفاده می‌شوند,عمدتاً برای دستکاری استفاده می‌شوند,False
84,در خارج از ساوانا، برآورده کردن نيازهاي مبتنی بر اسيد آمینه از منابع گياهي موجود برای یک نخستی که دستگاه گوارشی مشابه انسان داشته، کار دشواری بوده است. از این گذشته، عدم انجام این امر عواقب جدی دارد: افسردگی رشد، سوء تغذیه و در نهایت مرگ. بیشترین منابع گیاهی قابل دسترسی پروتئین های موجود در برگ ها و حبوبات می باشد، اما هضم اینهت توسط پستاندارانی مانند ما سخت است، مگر اینکه پخته شوند. در مقابل، غذاهای حیوانی (مورچه‌ها، موریانه‌ها‌، تخم‌ها) نه تنها به راحتی قابل هضم هستند بلکه پروتئین‌های با کیفیت بالا در اختیار قرار می‌دهند که حاوی تمام اسیدهای آمینه ضروری است. همه چیز در نظر گرفته شده است، و اگر اجداد خودمان «مشکل پروتئین» خود را تقریباً به همان شیوه‌ای حل کرده‌اند که امروزه شامپانزه‌ها در ساوانا انجام می‌دهند، نباید تعجب کنیم.,با توجه به متن، کدام یک از مشکلات زیر ناشی از کمبود اسیدهای آمینه ضروری نیست؟,1,4,مشکلات گوارش و هضم,سوءتغذیه,افسردگی رشد,مرگ,False
98,اختلال در خواب فرآیند بیداری آگاهانه در طول خواب معمولی و بعد از مدتی مجددا به خواب رفتن (10-60 دقیقه) است. این کار را می توان به راحتی با استفاده از یک ساعت زنگ دار نسبتاً آرام انجام داد تا بدون اینکه شما را کاملا از خواب بیدار کند، شما را هوشیار کند. اگر متوجه شدید که ساعت بیدارباش را در خواب خاموش می‌کنید، می‌تواند آن را در طرف دیگر اتاق قرار دهید تا برای خاموش کردنش مجبور باشید از رختخواب خارج شوید. سایر گزینه‌های مبتنی بر بیوریتم شامل نوشیدن مقدار زیادی مایعات (بخصوص آب یا چای، یک ادرارآور مشخص) پیش از خواب می‌شود که فرد را مجبور می‌کند برای ادرار کردن از خواب برخیزد.,پس از بیدار شدن هدفمند در طول دوره خواب طبیعی، کدام یک از این موارد در روند قطع خواب اختلال ایجاد می‌کند؟,1,3,قبل از اینکه دوباره بخوابید یک ساعت و نیم مطالعه کنید,استفاده از دستشویی و بازگشت به رختخواب,خاموش کردن زنگ ساعت روی میز پاتختی و بیست دقیقه بعد دوباره خوابیدن,بیدار شدن برای نوشیدن آب از یک بطری روی میز پاتختی,False
99,اختلال در خواب فرآیند بیداری آگاهانه در طول خواب معمولی و بعد از مدتی مجددا به خواب رفتن (10-60 دقیقه) است. این کار را می توان به راحتی با استفاده از یک ساعت زنگ دار نسبتاً آرام انجام داد تا بدون اینکه شما را کاملا از خواب بیدار کند، شما را هوشیار کند. اگر متوجه شدید که ساعت بیدارباش را در خواب خاموش می‌کنید، می‌تواند آن را در طرف دیگر اتاق قرار دهید تا برای خاموش کردنش مجبور باشید از رختخواب خارج شوید. سایر گزینه‌های مبتنی بر بیوریتم شامل نوشیدن مقدار زیادی مایعات (بخصوص آب یا چای، یک ادرارآور مشخص) پیش از خواب می‌شود که فرد را مجبور می‌کند برای ادرار کردن از خواب برخیزد.,کدام یک از موارد زیر توصیف دقیقی از وقفه خواب نیست؟,4,2,در ریتم طبیعی می‌توان از آن استفاده کرد ,هدف کامل بیدار کردن خود نیست,این فرآیند در طول دوره خواب طبیعی شما انجام می‌شود,پس از بیدار شدن، هدف این است که در عرض دو ساعت دوباره بخوابید,False
103,تیم‌های مجازی هم همان معیارهای تعالی تیم‌های معمولی برایشان اعمال می‌شود، اما تفاوت‌های جزئی در آنها هست. اعضای تیم مجازی اغلب به عنوان نقطه تماس برای گروه فیزیکی مجاورشان عمل می‌کنند. آنها اغلب خود‌مختاری بیشتری نسبت به اعضای تیم قراردادی دارند چون تیم‌های آنها می‌توانند براساس مناطق زمانی مختلف تشکیل جلسه دهند ولی ممکن است مدیریت محلی‌شان این مناطق زمانی را متوجه نشود. حضور یک «تیم نامرئی» واقعی (لارسون و لافاستو، 1989، صفحه 109) همچنین یک مؤلفه منحصر به فرد یک از یک تیم مجازی است. تیم مدیریت «تیم نامحسوس» است که هر یک از اعضا به آن گزارش می‌دهند. این تیم نامحسوس استانداردهای مخصوص هر عضو را تعیین می‌کند.,بر اساس متن، کدام جمله درباره تیم‌های فیزیکی و مجازی صحت ندارد؟,1,3,تیم‌های معمولی معمولاً با استانداردهای بالاتری برگزار می‌شوند,تیم‌های مجازی اغلب به عنوان نقطه تماس تیم‌های معمولی عمل می‌کنند,تیم‌های معمولی استقلال کمتری نسبت به تیم‌های مجازی دارند,مناطق زمانی متفاوت می‌تواند به نفع تیم‌های مجازی باشد,False
105,قانون بسیار آزار دهنده و مسخره یک سوم یک راهنمایی ساده برای ایجاد پویایی و در عین حال حفظ نظم در یک تصویر است. بیان می کند که موثرترین مکان برای موضوع اصلی در تقاطع خطوط تقسیم کننده تصویر به سه تصویر عمودی و افقی است (به مثال مراجعه کنید).,کدام یک از موارد زیر مشمول قانون یک سوم نیست؟,1,3,خلق مبنایی برای جایی که ممکن است سوژه قرار گیرد,خلق انرژی و زندگی در یک تصویر,حفظ سوژه در یک مکان معین و مؤثر,ایجاد نظم درون یک تصویر,False
106,به عنوان مثال، رایج ترین قالب عکاسی تصویر ثابت در جهان 35 میلی متر است که در اواخر دوران فیلم آنالوگ، اندازه غالب فیلم بود. امروزه همچنان تولید می‌شود، اما مهم‌تر این که نسبت تصویرش را از فرمت‌های حسگر تصویر دوربین دیجیتال گرفته است. در واقع فرمت 35 میلی متر کمی گیج‌کننده است، و پهنای 36 میلی‌متر در بلندی 24 میلی‌متر است. بنابراین، نسبت ابعاد این فرمت (که تقسیم بر دوازده می‌کنیم تا ساده‌ترین نسبت با عدد صحیح حاصل شود) برابر 3:2 بیان می‌شود. فرمت‌های معمول زیادی (مثلاً فرمت‌های خانواده APS) با این نسبت ابعاد برابر یا بسیار نزدیک به آن است.,کدام یک از موارد زیر قالب عکاسی 35 میلی‌متر را توصیف نمی‌کند؟,3,2,همچنان تولید می‌شود,از فرمت‌های دوربین‌های دیجیتال اقتباس شده است,نسبت ابعاد آن با بسیاری از قالب‌های رایج متفاوت است,رایج‌ترین قالب عکاسی در جهان است,False
108,عیب لنزهای بزرگنما این است که پیچیدگی کانونی و تعداد عناصر لنز که برای دستیابی به گستره فاصله کانونی مورد نیاز است، بسیار بیشتر از لنزهای اولیه است. همچنان‌که تولیدکنندگان لنز به استانداردهای بالاتری در تولید لنز دست می‌یابند، این مشکل کم‌کم در حال حل شدن است. این امکان بوجود آمده که لنزهای بزرگ‌نمایی کیفیت عکسی قابل قیاس با کیفیت عکس لنزهای دارای طول فوکوس ثابت حاصل کنند. یکی دیگر از عیب‌های لنزهای زوم این است که حداکثر دیافراگم (سرعت) لنز معمولاً کمتر است. این موضوع استفاده از لنزهای بزرگ‌نمایی ارزان در محیط‌های کم‌نور را بدون فلش دشوار کرده است.,بر اساس اطلاعات موجود در متن، چه زمانی ممکن است لنز بزرگنما به لنز اولیه ارجحیت داشته باشد؟,4,2,اگر حداکثر دیافراگم بالا در اولویت باشد,اگر عناصر لنز کمتری می‌خواهید,اگر در شرایط کم‌نور قصد استفاده از فلاش ندارید,اگر به دنبال پیچیدگی فوکوس کمتری هستید,False
115,تمدن دره ایندوس تمدن عصر برنز در شمال غربی شبه قاره هند بود که بیشتر پاکستان امروزی و برخی مناطق در شمال غربی هند و شمال شرقی افغانستان را شامل می شد. این تمدن در آبگیر رودخانه ایندوس شکوفا شد و نام خود را از آن می‌گیرد. اگرچه برخی از محققان گمان می‌كنند مناسب‌تر است تمدنی که در آبگیر خشك شده رودخانه سرسوتی نیز وجود داشته را تمدن دره سند-سرسوتی بنامیم، این درحالیست‌که برخی به خاطر نخستین سایت حفاری در دهه 1920 در هاراپا به آن تمدن هارپان می‌گویند.,با توجه به متن، کدام مکان با تمدن دره ایندوس مرتبط نیست؟,3,2,هاراپا,رودخانه سرسوتی,تمامی مناطق در شمال شرق افغانستان,اغلب بخش‌های پاکستان امروزی,False
116,تمدن دره ایندوس تمدن عصر برنز در شمال غربی شبه قاره هند بود که بیشتر پاکستان امروزی و برخی مناطق در شمال غربی هند و شمال شرقی افغانستان را شامل می شد. این تمدن در آبگیر رودخانه ایندوس شکوفا شد و نام خود را از آن می‌گیرد. اگرچه برخی از محققان گمان می‌كنند مناسب‌تر است تمدنی که در آبگیر خشك شده رودخانه سرسوتی نیز وجود داشته را تمدن دره سند-سرسوتی بنامیم، این درحالیست‌که برخی به خاطر نخستین سایت حفاری در دهه 1920 در هاراپا به آن تمدن هارپان می‌گویند.,کدام یک از موارد زیر به عنوان نام احتمالی تمدن عصر برنز مورد بحث در متن ذکر نشده است؟,3,2,تمدن هاراپا,تمدن ایندوس - سرسوتی,تمدن رودخانه ایندوس,تمدن دره ایندوس,False
122,ماهیت نظامی‌گرای امپراتوری روم به توسعه پیشرفت‌های پزشکی کمک کرد. امپراتور آگوستوس شروع به استخدام پزشکان کرد و حتی نخستین سپاه پزشکان رومی را برای بکارگیری پس از نبردها تشکیل داد. جراح‌ها از آرام‌بخش‌های متنوع از جمله مرفین که از عصاره دانه‌های خشخاش گرفته می‌شود و اسکوپولامین که از بنگ‌دانه گرفته می‌شود اطلاع داشتند. آنها برای نجات بیماران مبتلا به قانقاریا در قطع عضو و نیز برای جلوگیری از جریان خون در استفاده از تورنیکت‌ها و شریان‌بندها ماهر شدند. طی قرن‌های بسیار، امپراتوری روم به دستاوردهای بزرگی در زمینه پزشکی رسید و بخش اعظمی از دانش امروزی ما را شکل داد.,کدام درمان یا عمل پزشکی مورد استفاده پزشکان و جراحان در دوران امپراتوری روم ذکر نشده است؟,1,2,درمان اختلال اضطراب پس از سانحه با آرامبخش‌های مختلف,استفاده از عصاره بنگ‌دانه برای اسکوپولامین,استفاده از شریان‌بند برای جلوگیری از جریان خون,قطع عوض در بیماران مبتلا به قانقاریا,False
134,با این حال، در ماه ژوئن 1956، وقتی طی آشوب‌های لهستان که کارگران به اعتصاب علیه کمبود غذا و کاهش دستمزد پرداختند به شکل اعتراضات عمومی علیه کمونیسم در آمد، وعده‌های خروشچف به بوته آزمایش گذاشته شد. گرچه در پایان، کروشچف برای بازگرداندن نظم از تانک‌ها کمک گرفت، اما وی برخی از مطالبات اقتصادی را کنار گذاشت و موافقت کرد که ولادیسلاو گومولکا محبوب به عنوان نخست وزیر جدید منصوب شود.,کدام یک از موارد زیر علت شورش در لهستان نبود؟,4,1,کمونیسم ,کمبود غذا,کاهش دستمزد,انتصاب ولادیسلاو گومولکا,False
135,آلمان دشمن مشترکی در جنگ جهانی دوم بود که منجر به اتحاد بین شوروی و ایالات متحده شد. با پایان جنگ، اختلاف در سیستم، پروسه و فرهنگ منجر به جدایی این کشورها شد. با توجه به دو سال آخر جنگ، حالا متحدان سابق دشمن شده بودند و جنگ سرد آغاز شد. این برای آن بود که برای 40 سال آینده دوام داشته باشد و با ارتش‌های نیابتی، در جبهه‌های نبردی از آفریقا تا آسیا، در افغانستان، کوبا و بسیاری از مناطق دیگر به صورت حقیقی بجنگد.,با توجه به متن، کدام یک از موارد زیر بر روابط بین اتحاد جماهیر شوروی و ایالات متحده تأثیری نداشت؟,2,4,تفاوت‌های فرهنگی,دیدگاه‌ها درباره آلمان,اختلاف در پروسه‌ها,اختلاف در سیستم‌ها,False
137,هرم بزرگ جیزه تنها بازمانده عجایب هفتگانه است که هنوز پابرجا است. هرم بزرگ که توسط مصریان در قرن سوم قبل از میلاد ساخته شده، یکی از چندین سازه بزرگ هرمی است که به منظور احترام به فرعون مرده ساخته شده است. فلات جیزه یا «مجموعه اهرام جیزه» در دره مردگان مصر شامل چند هرم می‌باشد (که از میان آنها هرم بزرگ بزرگترین است) و چند قبر کوچک،‌ چند معبد و مجسمه ابولهول بزرگ در آن دره واقع است. هرم بزرگ به احترام فرعون خوفو ساخته شد، و بسیاری از اهرام کوچک‌تر، مقبره‌ها و معابد به احترام همسران و اعضای خانواده خوفو ساخته شدند.,چه چیزی را می‌توان در فلات جیزه پیدا کرد؟,3,2,مقبره‌ها,معبدها,همه عجایب هفتگانه,هرم بزرگ,False
143,استفاده از کشتی‌ها برای حمل و نقل کالا به‌مراتب کارآمدترین راه برای جابجایی تعداد زیادی از افراد و اجناس از میان اقیانوس است. به‌طور سنتی کار نیروهای دریایی از این قرار بود که اطمینان حاصل کنند کشورتان توانایی جابجایی افراد و کالاهای شما را داشته باشد، و درعین‌حال در توانایی دشمن‌تان برای جابجایی مردم و کالاهایش مداخله کنند. یکی از مثال‌هایی که ارزش بیان کردن دارد مبارزه در اقیانوس اطلس شمالی در جنگ جهانی دوم بود. آمریکایی‌ها سعی داشتند افراد و لوازم را برای کمک به بریتانیا از اقیانوس اطلس عبور دهند. در همین حال، نیروی دریایی آلمان عمدتاً با استفاده از یو-بوت سعی داشت که این عبور و مرور را متوقف کند. اگر آلمان متفقین را شکست می‌داد، شاید می‌توانست بر بریتانیا پیروز شود چون بقیه اروپا را در دست داشت.,نیروی دریایی آلمان در طول جنگ جهانی دوم در تلاش بود تا چه کاری انجام دهد؟,2,4,رهگیری کالاهایی که از بریتانیا می‌آمدند,ممانعت از تحویل مردم و کالا توسط بریتانیا,حمل‌ونقل اجناس از میان اقیانوس اطلس,ممانعت از تحویل مردم و کالا توسط آمریکا,False
161,دروکگیال دزونگ یک قلعه مخروبه و صومعه بودایی است که در بخش اولیای استان پارو (در روستای فوندی) واقع شده است. گفته می‌شود Zhabdrung Ngawang Namgyel قلعه را در سال 1649 ساخت تا پیروزی‌اش مقابل نیروهای تبتی-مغولی را به‌یادبود جشن بگیرد. در سال 1951، بروز حریقی باعث شد فقط کمی از دروکگیال دزونگ به یادگار بماند، از جمله تصویر Zhabdrung Ngawang Namgyal. پس از آن آتش‌سوزی، از قلعه حفاظت و نگهداری شد به‌طوری که یکی از برجسته‌ترین جاذبه‌های بوتان برجا ماند.,کدام جمله درباره دروکگیال دزونگ درست نیست؟,1,3,برای جشن پیروزی مقابل نیروهای تبتی-مغولی ساخته شد,در بوتان واقع شده است,آتش بسیاری از آثار قلعه را از بین برد,توسط Zhabdrung Ngawang Namgyel ساخته شده است,False
165,شروع تایوان به قرن 15ام بر می‌گردد، آن زمان که ملوانان اروپایی که از آنجا می‌گذشتند نام جزیره را «Ilha Formosa» یا جزیره زیبا نامیدند. در سال 1624، کمپانی Dutch East India پایگاهی را در جنوب غربی تایوان تأسیس می‌کند، که آغازگر یک دگرگونی در عملیات تولید غلات بومی است و کارگران چینی را برای کار در مزارع شکر و برنج خود بکار می‌گیرد. در سال 1683، سلسله چینگ (1644-1912) کنترل نواحی غربی و شمالی تایوان را به زور در دست گرفت و در سال 1885 تایوان را به‌عنوان یکی از استان‌های امپراطوری چینگ اعلام کرد. در سال 1895، دولت چینگ پس از شکست در اولین جنگ چین و ژاپن (1894 تا 1895) قرارداد شیمونوسکی را امضا کرد که طبق آن حاکمیت تایوان به ژاپن واگذار شد و ژاپن تا سال 1945 این جزیره را تحت سلطه خود داشت.,کمپانی Dutch East India در مدت زمانی که در تایوان بود، کدام کار را انجام نداد؟,4,2,پایگاهی در جنوب غرب جزیره داشت,مبادرت به تولید غلات بومی,به کارگیری کارگران چینی در مزارع خود,تمایل به واگذاری کنترل تایوان به سلسله چینگ,False
175,ببر همانند یک ورزشکار شش‌دنگ، می‌تواند صعود کند (هرچند در این زمینه خیلی خوب نیست)، شنا کند، مسافت‌های طولانی را بپیماید و پنج برابر نیروی یک انسان قوی چیزی را بکشد. ببر نیز با شیر، پلنگ، و جاگوار در یک گروه (Genus Panthera) قرار می‌گیرد. این چهار گونه تنها گربه‌سانانی هستند که می‌توانند غرش کنند. غرش ببر مانند صدای کامل غرش یک شیر نیست، بلکه بیشتر شبیه به جمله ای از کلمات غرولندی است.,کدام مورد از قدرت‌های برتر ببر در نظر گرفته نمی‌شود؟,2,3,غرش,صعود کردن,پرش,کشیدن,False
198,"قسمت اروپایی ترکیه (تراکیه شرقی یا روملی در شبه‌جزیره بالکان) 3% از کشور را تشکیل می‌دهد. قلمرو ترکیه بیش از 1,600 کیلومتر (1,000 مایل) از جهت طول و 800 کیلومتر (500 مایل) از جهت عرض ادامه یافته است، ضمن اینکه شکل کلی آن مستطیلی است. مساحت ترکیه، شامل دریاچه ها، 783562 کیلومتر مربع (300948 مایل مربع) را اشغال می کند، از این مقدار، 755688 کیلومتر مربع (291773 مایل مربع) در جنوب غربی آسیا و 23764 کیلومتر مربع (9174 مایل مربع) در اروپا قرار دارد. مساحت ترکیه از لحاظ بزرگی در جهان 37 ام است، و تقریباً اندازه مجموع مساحت فرانسه متروپل و انگلستان است. ترکیه از سه طرف توسط دریا احاطه شده است: از غرب با دریای اژه، از شمال با دریای سیاه و از جنوب با دریای مدیترانه.",با توجه به متن، طول ترکیه حدود چند مایل است؟,4,1,1600,9174,500,1000,False
203,تقریباً در هر خانه ای در شهرهای هاراپا و موهنجو-دارو توالت مجهز به فلاش تانک که به یک سیستم فاضلاب پیشرفته متصل است، وجود دارد. بقایای سیستم فاضلاب در خانه‌های شهرهای مینوسی‌ها و سانتورینی در یونان یافت شده است. در مصر باستان، ایران و چین نیز توالت وجود داشت. در تمدن روم، توالت‌ها گاهی بخشی از حمام‌های عمومی بودند و آنجا مردها و زن‌ها به‌صورت گروهی و مختلط حضور داشتند.,سیستم‌های فاضلاب پیشرفته در کدام یک از مناطق زیر یافت شد؟,1,2,هاراپا,سانتورینی,مصر ,چین,False
218,در حدود قرن 15، شمال استونی به شدت تحت تأثیر فرهنگ آلمان قرار داشت. برخی از راهبان آلمانی می خواستند خدا را به مردم بومی نزدیک‌تر کنند، بنابراین آنها زبان تحت لفظی استونی را اختراع کردند. این کار بر اساس الفبای آلمانی بود و یک نویسه «Õ/õ» اضافه شد. با گذشت زمان، بسیاری از وام‌واژه‌های برگرفته از آلمانی تلفیق شدند. این رخداد شروع روشنگری بود.,آلمان از چه زمانی در تاریخ تأثیر فرهنگی شدیدی بر استونی گذاشت؟,3,2,حدود 200 سال قبل,حدود 400 سال قبل,حدود 600 سال قبل,حدود 800 سال قبل,False
222,هانگول تنها الفبای ابداعی هدفمند با کاربرد روزانه جاافتاده است. این الفبا را سال 1444 طی سلطنت پادشاه سجونگ (1418 - 1450) ابداع کردند. پادشاه «سجونگ» چهارمین پادشاه از سلسله چوسان و یکی از محترم‌ترین پادشاه‌ها بوده است. او در اصل الفبای Hangeul را به Hunmin Jeogeum نامگذاری کرده است که به معنای «صداهای صحیح برای آموزش مردم» است.,کدام مورد حقیقتی صحیح درباره الفبای هانگول نیست؟,1,2,در ابتدای سلطنت پادشاه سجونگ اختراع شد,نام اصلی این الفبا Hunan Jeongeum بوده است,توسط پادشاه چهارم سلسله چوسان اختراع شد,ابداع آن هدفمند بود,False
226,نیروی جاذبه ایو چطور روی من تاثیر خواهد داشت؟ اگر روی سطح ایو بایستید، وزن کمتری از وزن خود در زمین خواهید داشت. شخصی که روی زمین 200 پوند (90 کیلوگرم) وزن دارد، حدود 36 پوند (16 کیلوگرم) در lo وزن دارد. بنابراین گرانش کمتر شما را به سمت خود می‌کشد.,با توجه به متن، کدام مورد در رابطه با نیروی جاذبه روی ایو صحیح است؟,4,1,نیروی جاذبه زمین کمتر از جاذبه آیو شما را به سمت خود می‌کشد,نیروی جاذبه ایو بیشتر به سمت خود می‌کشد، به همین دلیل وزن کمتری خواهید داشت,نیروی جاذبه ایو بیشتر به سمت خود می‌کشد، به همین دلیل وزن بیشتری خواهید داشت,نیروی جاذبه زمین بیشتر از جاذبه ایو شما را به سمت خود می‌کشد,False
242,در خلال جنگ انقلابی، نخست سیزده ایالت تحت اصول کنفدراسیون یک دولت مرکزی ضعیف را تشکیل دادند - که کنگره تنها مؤلفه آن بود. کنگره فاقد هرگونه قدرت برای تحمیل مالیات بود، چون هیچ مجری یا دادگستری ملی‌ای وجود نداشت، و برای اجرای همه اعمال خود به مقامات دولتی که غالباً همکاری نمی‌کردند متکی بود. همچنین هیچ مرجعی برای لغو قوانین مالیاتی و تعرفه ها بین کشورها نداشت. پیش از اصلاح این بندها لازم بود تا موافقت متفق‌القول همه کشورها کسب شود و کشورها نیز باید نظر مثبت دولت مرکزی‌شان را حتی در صورت غایب بودن نماینده بدست آورند.,با توجه به متن، کدام یک از موارد زیر در هنگام تلاش برای اعمال قوانین خاص مورد توجه برای سیزده ایالت نبود؟,1,2,نظارت شدید مقامات دولتی,فقدان قدرت در کنگره,اصلاحاتی که مستلزم تأیید متفق‌القول بودند,عدم وجود مجری ملی,False
243,در خلال جنگ انقلابی، نخست سیزده ایالت تحت اصول کنفدراسیون یک دولت مرکزی ضعیف را تشکیل دادند - که کنگره تنها مؤلفه آن بود. کنگره فاقد هرگونه قدرت برای تحمیل مالیات بود، چون هیچ مجری یا دادگستری ملی‌ای وجود نداشت، و برای اجرای همه اعمال خود به مقامات دولتی که غالباً همکاری نمی‌کردند متکی بود. همچنین هیچ مرجعی برای لغو قوانین مالیاتی و تعرفه ها بین کشورها نداشت. پیش از اصلاح این بندها لازم بود تا موافقت متفق‌القول همه کشورها کسب شود و کشورها نیز باید نظر مثبت دولت مرکزی‌شان را حتی در صورت غایب بودن نماینده بدست آورند.,با توجه به متن، کدام عبارت وضعیت حکومت مرکزی در دوران جنگ انقلابی را به درستی نشان می‌دهد؟,3,4,مالیات‌ها توسط کنگره و مقامات ایالتی تحمیل می‌شد ,اصلاحات در قوانین متکی به قدرت کنگره بود,نمایندگان ایالتی حضور نداشتند,دولت مرکزی از دو جزء اصلی تشکیل شده بود,False
247,گرچه ساخت اهرام سنگی تا پایان پادشاهی کهن ادامه داشت، هرگز اهرامی نبود که از لحاظ بزرگی و برتری فنی در ساخت از اهرام ثلاثه پیشی بگیرد. پادشاهی جدید مصریان باستان از دیدن بناهای تاریخی پیشنیانشان شگفت زده شد، بناهایی که قدمتی بیش از هزار سال داشتند.,طبق این متن، پادشاهی جدید مصریان احتمالاً از کدام ویژگی اهرام جیزه شگفت زده نمی‌شوند؟,2,3,سن آنها,استفاده از سنگ‌ها,اندازه آنها,ساخت آنها,False
248,سالانه تقریباً 1.5 میلیون علف‌خوار حدود اکتبر از سمت تپه‌های شمالی بخاطر باران با گذر از رودخانه مارا به سمت دشت‌های جنوبی مسافرت می‌کنند. پس از باران در حدود آوریل، از غرب دوباره به شمال برگشت و دوباره از رودخانه مارا عبور کرد. منطقه سرنگتی شامل پارک ملی سرنگتی، منطقه حفاظت شده نگورونگورو و منطقه حفاظت شده جانوران شکاری ماسوا در تانزانیا و منطقه حفاظت شده ملی مائایی مارا در کنیا می‌شود.,با توجه به متن، علف‌خواران به دنبال باران به کجا سفر می‌کنند؟,2,3,دشت‌های غربی,تپه‌های شمالی,دشت‌های جنوبی,تپه‌های غربی,False
252,اجازه دهید ابتدا درباره طرح‌های ایتالیا توضیح دهیم. ایتالیا در اصل «برادر کوچک» آلمان و ژاپن بود. اگرچه آنها تازه قبل از آغاز جنگ چهار کشتی جدید ساخته بودند، اما از ارتش ضعیف تر و نیروی دریایی ضعیف تری برخوردار بودند. اهداف اصلی ایتالیا کشورهای آفریقایی بودند. آنها برای بدست آوردن این کشورها لازم بود یک پایگاه اعزام نیرو داشته باشند تا نیروها بتوانند از راه دریای مدیترانه بروند و به آفریقا حمله کنند. به همین دلیل باید از شر پایگاه‌ها و کشتی‌های بریتانیا در مصر خلاص می‌شدند. کشتی‌های جنگی ایتالیا به‌جز آن اقدامات قرار نبود کار دیگری انجام دهند. اما در مورد ژاپن. ژاپن کشور جزیره‌ای درست مثل بریتانیا بود.,چه چیزی به عنوان مرحله ضروری در طرح ایتالیا برای تصرف کشورهای آفریقایی ذکر نشده است؟,2,3,خلاص شدن از شر کشتی‌ها در مصر,ساخت کشتی‌های بیشتر,ایجاد پایگاه اعزام نیرو,تخریب پایگاه‌های بریتانیا,False
259,تا هفدهم سپتامبر سال 1939، دفاع کشور لهستان درهم شکسته شد و تنها امیدی که وجود داشت عقب نشینی و سازماندهی مجدد در طول منطقه سرپل رومانی بود. اما این نقشه‌ها تقریباً یک شبه از کار افتاد، وقتی که بیش از 800 هزار سرباز از ارتش سرخ اتحاد جماهیر شوروی وارد شدند و پس از هجوم به نواحی شرقی لهستان جبهه‌های بلاروسی و اوکراینی را ساختند، و بدین ترتیب عهدنامه صلح ریگا، پیمان عدم تجاوز بین شوروی و لهستان، و سایر عهدنامه‌های بین‌المللی، هم دوجانبه و هم چند جانبه، نقض کردند.,کدام یک از موارد زیر توسط ارتش سرخ انجام نشد؟,3,2,ایجاد یک جبهه اوکراینی ,حمله به مناطق غربی,سازماندهی مجدد در امتداد سرپل,نقض معاهده,False
266,این جشن‌ها با برنامه ویژه‌ای از گروه «سیرک آفتاب» که شهرتشان جهانی بود آغاز می‌شد. یک گروه ینی‌چری و خوانندگان Fatih Erkoç و Müslüm Gürses توسط ارکستر سمفونیک ایالتی استانبول دنبال شد. سپس Whirling Dervishes به صحنه رفت. دیوا سزن آکسو ترکی با تنر آلساندرو سفینا ایتالیایی و خواننده یونانی هریس الکسیو برنامه اجرا کرد. برای حسن ختام، گروه رقص ترکی Fire of Anatolia نمایش «تروی» را اجرا کرد.,دومین اجرای آخر شب چه بود؟,1,3,سزن آکسو، آلساندرو سفینا، و هریس الکسیو,Fire of Anatolia,Whirling Dervishes,Fatih Erkoç و Müslüm Gürses,False
289,اخبار منتشر شده در رد لایک امروز اختصاص داشت به مراسم خاکسپاری جف ویس و سه نفر از هفت قربانی و اینکه دستگیری یک دانش‌آموز دیگر در ارتباط با تیراندازی در مدرسه در تاریخ 21 مارچ. مقامات به صورت نسبتا رسمی دستگیری امروز را تصدیق کردند. با این حال، منبعی مطلع از تجسس به روزنامه Star-Tribune مینیاپولیس گفته بود که لوییس جوردِین، پسر 16 ساله فلوید جوردِین، رئیس شورای شهر Red Lake Tribal، بوده است. در مقطع فعلی مشخص نیست چه اتهاماتی وارد خواهد شد یا چه سرنخ‌هایی مراجع را به آن پسر رسانده است، اما دادرسی‌های نوجوانان در دادگاه فدرال شروع شده است.,با توجه به متن، در حالی که اخباری مبنی بر دستگیری فردی دیگر منتشر می‌شد، مراسم تشییع جنازه چند قربانی برگزار می‌شد؟,4,2,یک,سه,نه,چهار,False
292,حدود 60 مورد گرمای بیش از حد آیپاد‌ها گزارش شده است که در مجموع منجر به ایجاد شش آتش سوزی و مصدومیت جزئی چهار نفر شده است. وزارت اقتصاد، تجارت و صنعت ژاپن (METI) گفت که از 27 مورد حادثه مربوط به این دستگاه‌ها اطلاع داشته است. هفته گذشته، METI اعلام کرد که اپل آنها را از 34 رویداد گرم‌شدن بیش‌ازحد، که این شرکت آن را «غیر جدی» نامیده، مطلع کرده است. وزارت در یک واکنش تأخیر اپل در گزارش‌دهی را «واقعاً تأسف برانگیز» خواند.,چند نفر در اثر حادثه‌های گرمای بیش از حد iPod مجروح شدند؟,1,4,4,27,6,34,False
300,پیتر کاستلو، خزانه دار استرالیایی و مردی که به احتمال زیاد به عنوان رهبر حزب لیبرال جانشین نخست وزیر جان هاوارد می‌شود، از صنعت انرژی هسته ای در استرالیا حمایت کرده است. آقای کاستلو گفت که وقتی تولید انرژی هسته ای از نظر اقتصادی مناسب شود، استرالیا استفاده از آن را باید دنبال کند. «اگر به صورت تجاری درآید، باید آن‌را داشته باشیم. آقای کاستلو گفت، هیچ اعتراض اصولی نسبت به انرژی هسته‌ای» وجود ندارد.,رهبر حزب لیبرال استرالیا کیست؟,2,1,پیتر کاستلو,جان هاوارد,جان کر,مالکولم فراسر,False
303,از آنجایی که فقط هجده مدال در روز وجود دارد، بسیاری از کشورها نتوانسته‌اند به سکوی قهرمانی دست یابند. از جمله این کشورها هلند است، چنان‌که آنا جاشمسن دیروز در کلاس زنان در اسکی مارپیچ سرعت نهم شد و فنلاند با کاتجا سارینن که در همان مسابقه دهم شد. میچل گورلی استرالیایی در رقابت‌های اسکی مارپیچ سرعت نشسته مردان به مقام یازدهم رسید. اولدریچ ژلینک، رقیب چک او در رقابت‌های اسکی مارپیچ سرعت نشسته مردان در مکان شانزدهم قرار گرفت. آرلی ولاسکز از مکزیک به مقام پانزدهم اسکی Super-G نشسته مردان رسید. آدام هال نیوزلندی به مقام نهم اسکی Super-G ایستاده رسید. ماسیج کرزل اسکی‌باز مرد لهستانی که معلولیت بینایی داشت بود و راهنمای او آنا اوگارزینسکا اسکی مارپیچ سرعت را در جایگاه سیزدهم به پایان رساندند. پارک سئورک جونگ از کره‌جنوبی مسابقات اسکی مارپیچ سرعت نشسته مردان را با مقام بیست و چهارمی به پایان رساند.,کدام کشور در مسابقات Super-G کلاس ایستاده زنان دهم شد؟,1,2,فنلاند,هلند,استرالیا,مکزیک,False
308,نیجریه پیش‌تر اعلام کرد قصد داشت در هفته منتهی به اجلاس، به منطقه آزاد تجاری قاره آفریقا (AfCFTA) ملحق شود. «آلبرت موچانگا»، کمیسیونر صنعت و تجارت اتحادیه آفریقا، اعلام کرد بنین قرار است ملحق شود. کمیسر گفت، «ما هنوز در مورد قوانین مبداء و امتیازات تعرفه‌ای توافق نکرده‌ایم، اما چارچوبی که در اختیار داریم برای شروع تجارت از 1 ژوئیه 2020 کافی است.»,کدام مورد توسط «آلبرت موچانگا» به عنوان موضوعی که هنوز نیاز به توافق داشت، ذکر نشده است؟,1,3,اینکه آیا بنین به AfCTA ملحق خواهد شد,تاریخی که تجارت می‌تواند شروع شود,قوانین مبداء,امتیازات تعرفه‌ای ,False
311,او در زمان اقامت در آتلانتا تحسین منتقدان را برانگیخت و به دلیل آموزش شهری نوآورانه شناخته شد. در سال 2009، عنوان «ناظر ملی سال» به او اختصاص یافت. در زمان اهدای جایزه، مدارس آتلانتا شاهد پیشرفت بزرگی در نمرات آزمون‌ها بودند. نه‌چندان بعد، آتلانتا ژورنال-کانستیتیوشن گزارشی منتشر کرد که نشان می‌داد آزمایش‌ها مشکلاتی دارند. این گزارش نشان می‌دهد که نمرات آزمون به طور غیرموجه سریع افزایش یافته است، و ادعا می‌شود مدرسه مشکلات داخلی را کشف کرده اما براساس یافته‌ها عمل نکرده است. شواهد بعد از آن حاکی از دستکاری مدارک آزمایشی توسط هال و 34 مقام آموزشی دیگر است که در 2013 محاکمه شده‌اند.,با توجه به متن، چه چیزی در گزارش آتلانتا ژورنال-کانستیتیوشن ذکر نشده است؟,1,3,بهبود غیرعادی نمرات آزمون,شواهدی مبنی بر دستکاری برگه‌های آزمون,برنده بهترین مدیر ملی سال 2013,پیشنهادهایی برای نوآوری آموزش شهری,False
315,یک پانسیون در مکه، شهر مقدس اسلام، حدود ساعت 10 امروز صبح به وقت محلی فرو ریخت. ساختمانی که شماری از زائرها در آن ساکن بودند و برای زیارت شهر مقدس در روز قبل از زیارت حج رسیده بودند. مهمانان هتل اغلب از شهروندان امارات متحده عربی بودند. آمار کشته‌ها حداقل 15 نفر است و انتظار می‌رود که افزایش یابد.,کدام جمله درباره مهمانان هاستل درست نیست؟,4,2,مهمانان برای زیارت در مکه بودند,برخی از مهمانان شهروندان محلی نبودند,مهمانان روز قبل زیارت حج آنجا بودند,اکثریت مهمانان از شهر مقدس بودند,False
317,این ماهواره‌ها که هر دو وزن‌شان بیش از 1000 پوند است و تقریباً با سرعت 17،500 مایل بر ساعت حرکت می‌کنند، 491 مایل بالاتر از سطح زمین با هم برخورد کردند. به گفته دانشمندان، انفجار ناشی از این برخورد بسیار گسترده بود. آنها هنوز در حال تعیین میزان بزرگی برخورد چگونگی تأثیرپذیری زمین از آن هستند. فرماندهی استراتژیک وزارت دفاع آمریكا در حال ردیابی مخروبه‌هاست. نتیجه تحلیل نقشه برداری بر روی یک وب سایت عمومی منتشر می‌شود.,با توجه به متن، چه اطلاعاتی درباره برخورد نامعلوم نیست؟,2,4,اندازه برخورد,موقعیت مکانی برخورد,اثر برخورد بر زمین,موقعیت مکانی مخروبه‌ها,False
330,اگرچه هنگام برخورد ماشین به خانه سه نفر در آنجا بودند، هیچ کدام صدمه ندیدند. با این حال، راننده دچار مصدومیت جدی از ناحیه سر شد. زمانیکه کارکنان خدمات اورژانس مشغول آزاد کردن راننده از آئودی TT قرمز بودند، جاده محل تصادف موقتاً بسته شد. او در ابتدا در بیمارستان جیمز پاژه در گریت یارموث بستری بود. او سپس به بیمارستان ادن بروک کمبریج منتقل شد.,چه اتفاقی برای راننده درگیر در تصادف نیفتاد؟,3,2,وی از ناحیه سر صدمه دید,او به هیچ یک از افراد داخل خانه آسیب نرساند,او از بیمارستانی در کمبریج به بیمارستانی در گریت یارموث منتقل شد,نیروهای اورژانس برای خارج کردن او از خودرویش کمک کردند,False
352,مقامات ایالت اوهایو می گویند، یک پزشک که در بیمارستان کودکان پیتزبورگ پنسیلوانیا کار می کرد، پس از اینکه در روز چهارشنبه جسد مادرش در صندوق عقب خودرویش یافت شد، به قتل متهم خواهد شد. دکتر مالار بالاسوبرامانیان، 29 ساله، در بلواش اوهایو، حومه‌ای واقع در 15 کیلومتری شمال سینسیناتی در کنار جاده یافت شد درحالیکه یک تیشرت و زیرپوش آبی به تن داشت و به نظر می‌رسید که کاملا تحت تاثیر دارو قرار دارد. او ماموران را به سمت اولدزموبیل اینتریگ سیاه خود که 500 فوت دورتر بود، هدایت کرد. جسد ساروجا بالاسوبرامانیان 53 ساله در آنجا قرار داشت که در پتوهای آغشته به خون پیچیده شده بود. به گفته پلیس ظاهراً جسد حدود یک روز در آنجا قرار داشته است.,نسبت دکتر مالار بالاسوبرامانیان با ساروجا بالاسوبرامانیان چه بود؟,2,3,خواهر,دختر,مادر,خاله یا عمه,False
355,این بزرگترین اکتساب مالکیت در تاریخچه eBay است. این شرکت امیدوار است که منابع سودآوری خود را متنوع کند و در حوزه‌هایی که اسکایپ دارای موقعیتی قدرتمند است، مانند چین، اروپای شرقی و برزیل، محبوبیت کسب کند.,eBay با این اکتساب مالکیت در پی چه چیزی است؟,2,1,تحکیم درآمد خود,گسترش تا قلمروهای جدید,افزایش محبوبیت خود,کسب رضایت سهامدارانش,False
356,وقتی درگیری متوقف شد و زخمی‌ها به بیمارستان انتقال داده شدند، حدود 40 زندانی باقیمانده دیگر در حیاط ماندند و از بازگشت به سلول‌هایشان خودداری کردند. مذاکره‌کنندگان سعی کردند اوضاع را مرتب کنند ولی درخواست‌های زندانیان واضح نبود. بین ساعت 10:00-11:00 بعد از ظهر به وقت MDT، آتشی توسط زندانیان در حیاط روشن شد. کمی بعد، افسرهای مجهز به تجهیزات ضد شورش وارد حیاط شدند و زندانی‌ها را با گاز اشک‌آور محدود کردند. خدمه گروه آتش‌نشانی و نجات سرانجام در ساعت 11:35 بعدازظهر آتش را خاموش کردند.,با توجه به متن، چه کسانی با زندانیانی که پس از درگیری در حیاط ماندند تعاملی نداشتند؟,4,1,مذاکره‌کنندگان,خدمه گروه آتش‌نشانی,افسران,کارکنان بیمارستان,False
364,گزارش‌های تلویزیونی حاکی از وجود دود سفید بر فراز کارخانه است. مقامات محلی به ساکنین همسایگی نیروگاه هشدار می‌دهند که در خانه بمانند،‌ تهویه هوا را خاموش کنند و آب شیر ننوشند. بر اساس آژانس هسته‌ای ژاپن، سزیم و ید رادیواکتیو در این نیروگاه یافت شده است. مقامات حدس می‌زنند این نشان دهنده آن است که مخازن سوخت اورانیم در این تاسیسات ممکن است خراب شده و در حال نشت کردن هستند.,با توجه به متن، کدام یک از موارد زیر احتمالاً منجر به شرایط خطرناک در داخل و اطراف کارخانه شده است؟,1,2,سوخت اورانیم,سزیم رادیواکتیو,گاز سفید,ید,False
371,یکی از شایع‌ترین مشکلات هنگام تبدیل کردن فیلم به قالب DVD بیرون زدن تصویر از کادر است. اکثر تلویزیون‌ها طوری ساخته شده‌است که مورد پسند مردم باشد. به آن دلیل، هر آنچه در تلویزیون مشاهده می‌کنید، کناره‌هایش از بالا، پایین و دو طرف برش خورده است. این برای اطمینان از آن ساخته شده تا تصویر به درستی در کل صفحه نمایش داده می‌شود. به آن overscan گفته می‌شود. متأسفانه وقتی یک DVD می‌سازید، کناره‌هایش نیز به احتمال زیاد از کادر خارج می‌شود و اگر زیرنویس این ویدئو به پایین تصویر خیلی نزدیک باشد، کامل نشان داده نمی‌شوند.,با توجه به متن، هنگام تبدیل فیلم به فرمت DVD ممکن است با کدام یک از مشکلات زیر مواجه شوید؟,2,4,تصویری که با کل صفحه تطابق ندارد,زیرنویس‌هایی که به طور نسبی برش خورده است,تصویری که کل صفحه را پر می‌کند,کناره‌های برش خورده,False
380,اروپا قاره‌ای نسبتاً کوچک است ولی در آن کشورهای مستقل زیادی وجود دارد. تحت شرایط عادی،‌ سفر کردن بین کشورهای متعدد مستلزم چندین بار طی کردن فرآیندهای درخواست ویزا و کنترل گذرنامه است. با این حال، منطقه شنگن از این لحاظ مثل یک کشور عمل می‌کند. تا زمانی که در این منطقه اقامت دارید، عموماً می‌توانید بدون گذشتن مجدد از محل بازرسی گذرنامه، از مرزها عبور کنید. به همین ترتیب، با داشتن ویزای شینگن، دیگر نیازی به درخواست ویزا برای هر یک از کشورهای عضو شینگن به طور جداگانه نیست، از این رو در وقت، پول و کاغذ بازی صرفه جویی می کنید.,کدام‌یک از موارد زیر یک مزیت سفر در منطقه شینگن است؟,3,1,اجتناب از درخواست‌های متعدد ویزا,صرفه‌جویی در پول,اجتناب از ایست‌های متعدد بازرسی کنترل گذرنامه,بدون الزام گذرنامه,False
392,سفر به Walt Disney World سیاحت بزرگی برای بسیاری از خانواده‌های آمریکایی محسوب می‌شود. بازدید «عادی» شامل پرواز به فرودگاه بین‌المللی اورلاندو، حرکت با اتوبوس به یک هتل دیزنی در آن محل، گذراندن حدود یک هفته بدون ترک کردن املاک دیزنی و بازگشت به خانه است. امکان تغییرات نامتناهی وجود دارد، اما این همان چیزی که بیشتر مردم وقتی صحبت از «رفتن به دنیای دیزنی» می کنند، را باقی می گذارد. بسیاری از بلیط‌هایی که آنلاین فروخته شده‌اند از طریق وب‌سایت‌های حراج از قبیل eBay یا Craigslist بوده که بلیط‌های استفاده شده چند روزه برای بازدید پارک‌های متعدد است. این کار بسیار مرسوم است، اما دیزنی آن را ممنوع می‌داند: بلیط‌ها قابل انتقال نیستند.,مطابق با متن، چه چیز ممکن است در مورد سفر معمول به Walt Disney World غیرمعمول تلقی شود؟,2,3,گذراندن یک هفته سیاحت در پارک‌ها,اقامت در یک هتل خارج از محل,گذراندن کل سفر در املاک دیزنی,از فرودگاه تا هتل سوار اتوبوس شدن,False
394,هر شخصی که قصد بازدید از کشوری را دارد که منطقه جنگی محسوب می‌شود باید تحت آموزش حرفه‌ای قرار گیرد. جستجو در اینترنت برای عبارت 'دوره محیطی متخاصم' احتمالاً آدرس یک شرکت محلی را نشان می دهد. یک دوره آموزشی معمولاً تمام مسائل مطروحه در اینجا را با جزئیات خیلی بیشتری تحت پوشش قرار می‌دهد و معمولاً‌ شامل تجربه عملی نیز می‌شود. یک دوره آموزشی معمولاً‌ 2 تا 5 روز طول می‌کشد و شامل نقش بازی کردن و حجم بالایی از آموزش کمک‌های اولیه و گاهی آموزش استفاده از سلاح می‌شود. کتاب‌ها و مجلاتی که به زنده ماندن در حیات وحش می‌پردازند خیلی زیاد است، ولی انتشاراتی که به مناطق جنگی بپردازند انگشت‌شمارند.,مطابق با متن، کدام‌یک از مشکلات زیر به احتمال زیاد در یک کلاس آموزش حرفه‌ای یا در انتشارات تحت پوشش نیست؟,3,1,زنده ماندن در حیات وحش ,آماده بودن برای انجام کمک‌های اولیه,آماده شدن برای مناطق جنگی,نقش بازی کردن,False
400,در شمال، این منطقه توسط ساحل صحرا و از جنوب و غرب توسط اقیانوس اطلس احاطه شده است. زنان: توصیه می شود که مسافران زن فارغ از وضعیت واقعی تاهل‌شان، بگویند که ازدواج کرده‌اند. به دست کردن یک حلقه نیز سودمند است (نه لزوماً حلقه‌ای که گران‌قیمت بنظر برسد. زن ها باید تشخیص دهند که تفاوت‌های فرهنگی ممکن است منجر به رخدادهایی شود که از نظر آنها آزار دهنده باشد و بعید نیست که کسی دنبال آنها بیافتد و دستشان را بگیرد و غیره. در مأیوس کردن مردها قاطع باشید و بدون ترس مقاومت کنید (چه تفاوت‌ها فرهنگی باشد یا خیر، وضعیت را بهتر نمی‌کند!),مطابق با متن، کدام‌یک از موارد زیر نکته خوبی برای زنانی که در این محل مسافرت می‌کنند نخواهد بود؟,1,2,خودداری از صحبت کردن درباره وضعیت تأهل,آگاه بودن از اینکه تفاوت‌های فرهنگی ممکن است رفتار خشن محلی‌ها را تحریک کند,اجتناب از پوشیدن جواهرات پر زرق و برق,جدی بودن برحسب لزوم,False
405,به‌طورکلی کار در خارج از کشور به این معنی است که باید مالیات بر درآمد خود را در کشوری که در آن حضور دارید بپردازید، مگر اینکه یک دیپلمات باشید. مالیات بر درآمد در کشورهای مختلف ساختار متفاوتی دارد و نرخ‌های مالیاتی و جدول مالیاتی از کشوری به کشور دیگر بسیار متغیر است. در برخی از کشورهای فدرال نظیر ایالات متحده و کانادا، مالیات بر درآمد در سطح فدرال و سطح منطقه‌ای اتخاذ می‌شود، از این رو نرخ‌ها و جداول مالیاتی می‌تواند در هر منطقه متفاوت باشد.,چه چیز احتمالاً درباره مالیات بر درآمد در کشورهای مختلف یکپارچه می‌ماند؟,3,4,نرخ‌ها,ساختار,محلی که ثبت می‌کنید,براکت‌های مالیاتی,False
406,به‌طورکلی کار در خارج از کشور به این معنی است که باید مالیات بر درآمد خود را در کشوری که در آن حضور دارید بپردازید، مگر اینکه یک دیپلمات باشید. مالیات بر درآمد در کشورهای مختلف ساختار متفاوتی دارد و نرخ‌های مالیاتی و جدول مالیاتی از کشوری به کشور دیگر بسیار متغیر است. در برخی از کشورهای فدرال نظیر ایالات متحده و کانادا، مالیات بر درآمد در سطح فدرال و سطح منطقه‌ای اتخاذ می‌شود، از این رو نرخ‌ها و جداول مالیاتی می‌تواند در هر منطقه متفاوت باشد.,مطابق با متن، اگر در خارج کار می‌کنید، اما درجای دیگر مستقر هستید، مالیات‌های بر درآمد خود را احتمالاً در کجا ثبت خواهید کرد؟,1,3,هرجایی که معمولاً مستقر هستید,در ایالات متحده,در کشوری که در حال حاضر در آن کار می‌کنید,هرجایی که هزینه‌ها کمترین است,False
425,لونو هنگام از کار افتادن، 120-160 متر مکعب سوخت داشت و باد و امواج مرتفع آن‌را به دورن موج‌شکن هل دادند. هلیکوپترها هر دوازده خدمه را نجات دادند و تنها جراحت شکستگی بینی یکی از آنها بود. کشتی 100 متری در مسیر بود تا طبق معمول بار کودش را بارگیری کند و مقامات رسمی در ابتدا می‌ترسیدند که بار از کشتی بیفتد.,با توجه به این متن، نگرانی اولیه مسئولان درباره لونو چه بود؟,3,2,کمبود بار کود,موج‌ها و بادهای شدید,نشت سوخت ,صدمه احتمالی به خدمه ,False
428,بیش از چهار میلیون نفر برای حضور در مراسم خاکسپاری به رم رفتند. تعداد افراد حاضر آنقدر زیاد بود که امکان دسترسی همه به مراسم خاکسپاری در میدان سنت پیتر ممکن نبود. چند نمایشگر تلویزیونی بزرگ در مکان‌های مختلف شهر رم نصب شدند تا مردم بتوانند مراسم را مشاهده کنند. در بسیاری از شهرهای ایتالیا و سایر نقاط جهان، به‌خصوص در لهستان، مجموعه‌های مشابهی ساخته شده که تعداد زیادی از مردم از آن بازدید کرده‌اند.,در کجا نمایشگر تلویزیونی برای مراسم خاکسپاری نصب نشده بود؟,4,3,سرتاسر رم,در شهرهای مختلف ایتالیا,در نقاط خاصی از لهستان,در میدان سنت پیتر,False
429,بیش از چهار میلیون نفر برای حضور در مراسم خاکسپاری به رم رفتند. تعداد افراد حاضر آنقدر زیاد بود که امکان دسترسی همه به مراسم خاکسپاری در میدان سنت پیتر ممکن نبود. چند نمایشگر تلویزیونی بزرگ در مکان‌های مختلف شهر رم نصب شدند تا مردم بتوانند مراسم را مشاهده کنند. در بسیاری از شهرهای ایتالیا و سایر نقاط جهان، به‌خصوص در لهستان، مجموعه‌های مشابهی ساخته شده که تعداد زیادی از مردم از آن بازدید کرده‌اند.,مراسم خاکسپاری کجا برگزار شد؟,3,1,در میدان‌های مختلفی در سرتاسر رم,در لهستان,در میدان سنت پیتر,ابتدا در رم، سپس در شهر دیگری در ایتالیا,False
430,براساس گزارش‌ها، یک آپارتمان در خیابان مکبث به دلیل نشت گاز منفجر شد. پس از آنكه يكی از همسایه‌ها درباره نشت گاز تماس گرفت، يكی از مقام‌های شركت گاز در محل رویداد در حال ارائه گزارش بود. وقتی مقام رسمی از راه رسید، آپارتمان منفجر شد. هیچ مصدومیت عمده ای گزارش نشده است، اما حداقل پنج نفر در زمان انفجار در آن صحنه به دلیل علائم شوک تحت درمان قرار گرفتند. هیچ کس در آپارتمان حضور نداشت. در آن موقع، تقریباً 100 نفر از ساکنان آن منطقه از آنجا بیرون برده شده بودند.,پس از انفجار، چه کسانی به دلیل جراحات جدی تحت درمان قرار گرفتند؟,2,1,حداقل پنج نفر,هیچکس,مقامی از شرکت گاز ,یک همسایه,False
442,دولت ایرلند بر فوریت قانون‌گذاری پارلمان در جهت اصلاح اوضاع تأکید دارد. سخنگوی دولت اعلام کرد، «از هر دو منظر بهداشت عمومی و دیدگاه عدالت کیفری مهم این است كه این قانون در اسرع وقت تصویب شود.» وزیر بهداشت هم برای رفاه افرادی که از مزایای قانونی بودن موقت مواد مربوطه استفاده می‌کنند و هم برای محکومیت‌های مربوط به مواد مخدر که از زمان اعمال تغییرات غیراساسی صادر شده است، ابراز نگرانی کرد.,دولت ایرلند درحال برنامه‌ریزی برای چه چیزی است؟,2,3,صدور محکومیت برای مجرمان مواد مخدر,تصویب قوانینی سخت‌گیرانه‌تر پیرامون مجاز بودن مواد,تخفیف قوانین درباره مجاز بودن مواد,جرم‌زدایی از مواد مخدر,False
447,یک پلیس سابق فیلیپینی با ربودن یک اتوبوس در مانیل، پایتخت فیلیپین، گردشگران هنگ کنگی را به گروگان گرفته است. رونالدو مندوزا با اسلحه M16 خود به گردشگران شلیک کرد. چندین تن از گروگان‌ها نجات یافته‌اند و تاکنون مرگ حداقل شش نفر تایید شده است. شش گروگان شامل كودكان و سالمندان، همینطور عكاسان فیلیپینی، در ابتدا آزاد شدند. عکاس‌ها سپس جای یک زن سالخورده که نیاز به دستشویی داشت را گرفتند. مندوزا با گلوله از پای درآورده شد.,با توجه به متن، رولاندو مندوزا چه کسی را گروگان نگرفت؟,2,4,گردشگران,پلیس,کودکان,عکاسان,False
448,یک پلیس سابق فیلیپینی با ربودن یک اتوبوس در مانیل، پایتخت فیلیپین، گردشگران هنگ کنگی را به گروگان گرفته است. رونالدو مندوزا با اسلحه M16 خود به گردشگران شلیک کرد. چندین تن از گروگان‌ها نجات یافته‌اند و تاکنون مرگ حداقل شش نفر تایید شده است. شش گروگان شامل كودكان و سالمندان، همینطور عكاسان فیلیپینی، در ابتدا آزاد شدند. عکاس‌ها سپس جای یک زن سالخورده که نیاز به دستشویی داشت را گرفتند. مندوزا با گلوله از پای درآورده شد.,با توجه به متن، آزادی زودهنگام کدام گروگان‌ها تأیید نشد؟,1,3,گردشگران,افراد مسن,عکاسان,کودکان,False
451,پنج دقیقه از زمان نمایش بادی شروع به وزش می کند، حدود یک دقیقه بعد، باد به 70 کیلومتر در ساعت می رسد ... سپس باران می آید، اما آنقدر سخت و آنقدر بزرگ است که مانند سوزن به پوست شما سیلی می‌زند، سپس تگرگ از آسمان می‌بارد، مردم وحشت زده ، فریاد می کشند و فرار می کنند. آرمند ورساچه گفت: «من خواهر و دوستم را از دست دادم و در مسیر من دو معلول روی صندلی چرخدار بودند، مردم فقط می پریدند و آنها را هل می‌دادند».,طبق روایت آرمند ورساچه، دقیقاً قبل از واکنش جمعیت به آب‌وهوا چه اتفاقی افتاد؟,1,3,تگرگ شروع شد,نمایش پنج دقیقه دیرتر شروع می‌شد,بادهای شدید می‌وزید,وی یکی از اعضای خانواده را از دست داد,False
452,پنج دقیقه از زمان نمایش بادی شروع به وزش می کند، حدود یک دقیقه بعد، باد به 70 کیلومتر در ساعت می رسد ... سپس باران می آید، اما آنقدر سخت و آنقدر بزرگ است که مانند سوزن به پوست شما سیلی می‌زند، سپس تگرگ از آسمان می‌بارد، مردم وحشت زده ، فریاد می کشند و فرار می کنند. آرمند ورساچه گفت: «من خواهر و دوستم را از دست دادم و در مسیر من دو معلول روی صندلی چرخدار بودند، مردم فقط می پریدند و آنها را هل می‌دادند».,به گفته ورساچه* چه زمانی شدیدترین بادها شروع به وزیدن کردند؟,4,1,پنج دقیقه بعد از شروع نمایش,پس از باران,پس از اینکه خواهرش را گم کرد,پیش از تگرگ,False
453,به گفته هواشناسان، این طوفان، که در حدود 645 مایلی (1040 کیلومتری) غرب جزایر کیپ ورد واقع شده است، احتمالاً قبل از اینکه خطری برای زمین‌ها ایجاد کند محو می‌شود. «فرِد» درحال حاضر بادهایی با سرعت 105 مایل در ساعت (165 کیلومتر در ساعت) در خود دارد و به سمت شمال غرب در حرکت است. «فرِد» سهمگین‌ترین تندباد استوایی است که از زمان اختراع تصویربرداری ماهواره‌ای در جنوب و شرق اقیانوس اطلس ثبت شده است، و تنها سومین طوفان بزرگ در تاریخ است که در شرق 35 درجه غربی رخ می‌دهد.,پیش از «فرِد»، چند طوفان بزرگ در شرق 35 درجه غربی ثبت شده بود؟,3,2,هیچ,سه,دو,یک,False
457,برنده مدال طلای المپیک در شنای 100 متر و 200 متر آزاد و شنای سه‌گانه در بازی‌های کشورهای مشترک‌المنافع بود، اما به دلیل شکایت وی، در خصوص آمادگی جسمانی او در این مسابقات تردید وجود داشته‌ است. او نتوانسته است داروهای مورد نیاز برای غلبه بر درد خود را دریافت کند چون این دارو‌ها ممنوع هستند.,وی دارنده مدال طلای المپیک به دلیل شنا در بازی‌های مشترک المنافع چند رویداد بود؟,1,3,پنج,سه,دو,چهار,False
471,امروز گروه تحقیقاتی عراق گزارش خود را رأس ساعت 12:00 به وقت گرینویچ ارائه داد. این هشدار می دهد که هیچ کس نمی تواند تضمین کند که هرگونه اقدام در عراق در این مرحله، جنگ فرقه ای، خشونت رو به رشد و یا خیزش به سمت هرج و مرج را متوقف خواهد کرد. این گزارش با لایحه‌ای برای مذاکره آزادانه و تشکیل مجمعی در ایالات متحده درباره سیاست مربوط به خاورمیانه آغاز می‌شود. این گزارش بسیار حیاتی، تقریباً در مورد تمام جنبه‌های سیاست کنونی اجرایی در قبال عراق است و خواستار تغییر جهت فوری است. اولین مورد از 78 توصیه او بدین ترتیب است که ابتکار عمل دیپلماتیک جدید باید پیش از پایان سال جاری اتفاق بیفتد تا مرزهای عراق در برابر مداخلات خصمانه امن شود و روابط دیپلماتیک با همسایگانش از سر گرفته شود.,کدام مورد در گزارش گروه تحقیقاتی عراق قید نشده بود؟,2,1,انتقاد از پلیس فعلی,اعلامیه‌ای مبنی بر اینکه با تغییرات خاصی می‌توان از افزایش خشونت در عراق جلوگیری کرد,توصیه‌هایی برای حفظ امنیت مرزهای عراق,درخواست برای تشکیل مجمعی در ایالات متحده,False
495,"پس از این مسابقه، «کسلوفسکی» با 2250 امتیاز صدرنشین مسابقات قهرمانی رانندگان باقی می‌ماند. جانسون با هفت امتیاز عقب‌تر، با امتیاز 2,243 در رده دوم قرار دارد. در سوم، هملین با بیست امتیاز عقب است اما پنج امتیاز از بوایر پیش است. کان و تروکس جونیور به ترتیب با 2220 و 2207 امتیاز پنجم و ششم هستند. استوارت، گوردون، کنز و هارویک با وجود اینکه چهار مسابقه تا انتهای فصل باقی مانده است، ده مقام برتر مسابقات قهرمانی رانندگان را از آن خود می کنند.",با درنظر گرفتن چهار رقابت باقیمانده در فصل، چه کسی رده چهارم را در مسابقه قهرمانی رانندگان دارد؟,4,2,هملین,کاون,استوارت,بوایر,False
505,میت رومنی، فرماندار سابق ماساچوست، روز سه‌شنبه با کسب بیش از 46 درصد از آرا، در انتخابات اصلی ریاست جمهوری حذب جمهوری‌خواه فلوریدا پیروز شد. سخنگوی سابق مجلس نمایندگان ایالات متحده، نوت گینگریچ، با 32 درصد آرا دوم شد. فلوریدا در جایگاه یک ایالت همیشه برنده، تمام پنجاه نماینده خود را به رامنی اعطا کرد و پیشتازی او را به عنوان کاندیدای حزب جمهوری‌خواه حفظ کرد.,به‌دلیل وضعیت فلوریدا به‌عنوان یک ایالت همیشه برنده، به میت رومنی چه چیز جایزه داده شد؟,3,2,نمایندگی 32 ایالت,نامزدی در حزب جمهوری‌خواه,نماینده‌های تمام ایالت‌ها,46 درصد آراء,False
510,وب‌سایت این شبکه، این نمایش را به عنوان «یک نمایش رادیویی به سبک قدیمی با چرخش جدید و بیدادگرانه» توصیف کرده است! این نمایش در روزهای نخستینش فقط در سایت رادیویی اینترنتی TogiNet Radio که قدمتی دیرین دارد و بر گفتگوهای رادیویی متمرکز است به‌عنوان برنامه ویژه پخش شد. در اواخر سال 2015، TogiNet رادیو AstroNet را به عنوان ایستگاه فرعی تأسیس کرد. در این نمایش ابتدا صداپیشگان مبتدی اهل شرق تگزاس ایفای نقش می‌کردند.,ایستگاه توصیف می‌کند که نمایش چه نوع نقطه نظری دارد؟,2,3,آماتور,فنی,سبک قدیمی,محلی,False
514,رکورد امتیاز نادال در مقابل حریف کانادایی 7–2 است. او به تازگی در مسابقات اوپن Brisbane، مقابل رائونیک نتیجه را واگذار کرد. نادال در این مسابقه 88٪ امتیازات تور را از آن خود کرد و در ست اول، 76 امتیاز گرفت. پس از مسابقه، «سلطان زمین‌های رسی» گفت: «من از بازگشت دوباره به دور نهایی این رویداد بسیار مهم خیلی خوشحالم. من برای بردن اینجا هستم.»,مطابق با متن، جایگاه نادال و رائونیک در مسابقه پس از اولین سرویس چه بود؟,2,4,رائونیک امتیاز خالص ‎88% داشت,نادال با امتیاز 76 برنده شد,امتیاز ‎7-2 بود,رائونیک دربرابر نادال پیروز شد,False
518,پس از مسابقه چهارشنبه، کارپاندو در دو مسابقه انفرادی در مسابقات قهرمانی رقابت کرد. نخستین حضور او در اسکی مارپیچ کوچک بود، جایی‌که وی موفق نشد به خط پایان برسد. 36 نفر از 116 رقیب او در آن مسابقه نتیجه مشابهی بدست آوردند. او در مسابقه دیگرش در Giant Slalom با مدت زمان ترکیبی 4:41.30 کار خود را در رتبه دهم در گروه نشسته بانوان پایان داد، که 2:11.60 دقیقه کندتر از کلودیا لوئیز اتریشی بود که مقام اول را از آن خود کرد و 1:09.02 دقیقه کندتر از مقام نهم که به Gyöngyi Dani از مجارستان رسید. چهار اسکی‌باز در گروه نشسته زنان نتوانستند مسیرشان را به اتمام برسانند و 45 نفر از کل 117 اسکی‌باز مارپیچ بزرگ نتوانستند در مسابقه رتبه کسب کنند.,کدام‌یک از عبارات زیر به‌طور دقیق نشان‌دهنده نتایج رقابت‌های مسابقات قهرمانی است؟,3,2,در رقابت دوم، کارپاندو قبل از یک اسکی‌باز از مجارستان به خط پایان رسید,45 اسکی‌باز مسیر خود را در اسکی مارپیچ بزرگ تمام نکردند.,اسکی‌بازهای بیشتری اسکی مارپیچ بزرگ را نسبت به اسکی مارپیچ کوچک به پایان رساندند.,کارپاندو در اسکی بزرگ دهم شد,False
524,پس از آنکه دریافت حمایت اضطراری از دولت انگلستان افشا شد، بانک Northern Rock در سال 2008 ملی اعلام شد. مؤسسه Northern Rock به دلیل تأثیرپذیری‌اش طی دوره بحران وام‌های بدون پشتوانه در سال 2007، نیازمند کمک و پشتیبانی شده بود. گروه ویرجین مربوط به سر ریچارد برانسون پیش از ملی شدن این بانک، پیشنهادی برای آن ارائه کرده بود که رد شد. در سال 2010، بانک سهامی عام Northern Rock که اکنون بانک خیابان اصلی است و ملی شده است، از «بانک بد» یعنی Northern Rock (مدیریت دارایی‌ها) جدا شد. ویرجین فقط آن هویت «بانک خوبِ» Northern Rock را خریده است، نه شرکت مدیریت دارایی را.,مطابق با متن، کدام عبارات زیر دقیقاً معاملات گروه ویرجین را با بانک Northern Rock توصیف می‌کند؟,2,4,گروه ویرجین همچنین شرکت مدیریت دارایی Northern Rock را خریداری کرد,گروه ویرجین این بانک را پس از ملی شدن آن خریداری کرد,گروه ویرجین درطول بحران وام‌دهی حمایت اضطراری بانکی ارائه کرد,اولین سفارش گروه ویرجین برای بانک پس از ملی شدن بانک انجام گرفت,False
529,«براساس این فسیل، بدان معنی است که شکاف بسیار زودتر از آنچه توسط شواهد مولکولی پیش‌بینی شده، اتفاق افتاده است.» Berhane Asfaw محقق سرویس تحقیقاتی Rift Valley و یکی از نویسندگان این تحقیق در اتیوپی گفت: «این بدان معناست که همه چیز باید پس‌گرفته شود.»,مطابق با متن، شکاف در کجا پیدا شد؟,2,1,در Rift Valley,در فسیل,در شواهد ملکولی,در اتیوپی,False
534,پیش از این خبرگزاری چینی شینهووا از ربوده شدن هواپیما خبر داده بود. گزارشات بعدی بیان کرد که هواپیما تهدید بمب‌گذاری داشته است و با تغییر مسیر به سمت افغانستان، در قندهار نشسته است. گزارشات اولیه بیان می‌دارد که هواپیما پس از اینکه اجازه فرود اضطراری در اورومچی به آن داده نشده به افغانستان بازگشته بود.,چه چیز در گزارش اولیه آژانس خبری جدید شینهووا گزارش نشد؟,4,2,هواپیما ربوده شد,اجازه فرود اضطراری هواپیما رد شد,هواپیما از مسیر خارج شد و به سمت افغانستان رفت,هواپیما یک تهدید بمب‌گذاری دریافت کرد,False
547,این عکاس به مرکز پزشکی UCLA رونالد ریگان منتقل شد و چندی بعد در آنجا در گذشت. طبق گزارش، او در دهه 20 سالگی‌اش بود. بیبر در بیانیه‌ای گفت: «با اینکه من در آنجا حضور نداشتم و بطور مستقیم در این سانحه غم‌انگیز دخیل نبود، فکر و ذکرم با خانواده این قربانی است.» وب سایت خبری سرگرمی TMZ می‌داند که عکاس وسیله نقلیه خود را در آن طرف بلوار Sepulveda متوقف کرده و سعی کرده است قبل از عبور از جاده و ادامه کار، از ایست بازرسی پلیس عکس بگیرد، و باعث شد که افسر پلیس گشت بزرگراه کالیفرنیا که در حال انجام ایست بازرسی بود، دو بار به او دستور دهد که برگردد. طبقه گفته پلیس بعید است خودرویی که به عکاس برخورد کرده با اتهامات جزایی روبرو شود.,مطابق متن، قبل از اینکه خودرو با عکاس برخورد کند چه اتفاقی نیفتاد؟,4,1,گشت بزرگراه به عکاس دستور داد تا از عرض جاده برگردد,عکاس ماشینش را در طول بلوار Sepulveda پارک کرد,عکاس از ایستگاه پلیس عکس گرفت,عکاس توانست یک عکس از Bieber بگیرد,False
559,تحقیقی که روز پنجشنبه در مجله Science منتشر شد، از تشکیل گونه جدیدی از پرندگان در جزایر گالاپاگوس اکوادور خبر داد. محققان دانشگاه پرینستون آمریكا و دانشگاه اوپسالا در سوئد گونه‌های جدید تکامل یافته‌ای را تنها در دو نسل گزارش دادند، اگرچه اعتقاد بر این بود که به دلیل زاد و ولد بین یک سهره داروین بومی، سهره زمینی متوسط، و سهره کاکتوسی مهاجر، یعنی سهره کاکتوسی بزرگ، این روند خیلی بیشتر طول کشید.,مطابق با متن، کدام‌یک از موارد زیر کمتر از آنچه که محققان در ابتدا فکر می‌کردند زمان برد؟,4,1,شکل یافتن گونه‌ها,گزارش‌دهی درباره گونه‌ها,تولید مثل بین گونه‌های متفاوت,تکامل گونه‌ها,False
560,تحقیقی که روز پنجشنبه در مجله Science منتشر شد، از تشکیل گونه جدیدی از پرندگان در جزایر گالاپاگوس اکوادور خبر داد. محققان دانشگاه پرینستون آمریكا و دانشگاه اوپسالا در سوئد گونه‌های جدید تکامل یافته‌ای را تنها در دو نسل گزارش دادند، اگرچه اعتقاد بر این بود که به دلیل زاد و ولد بین یک سهره داروین بومی، سهره زمینی متوسط، و سهره کاکتوسی مهاجر، یعنی سهره کاکتوسی بزرگ، این روند خیلی بیشتر طول کشید.,محققین کدام‌یک از موارد زیر را گزارش ندادند؟,3,2,جایی که گونه‌های جدید شکل یافت,طول فرایند تکامل,نام گونه‌های جدید,پرنده‌های دخیل در تولید مثل,False
579,علاوه بر فشار یخ،‌ شرایط آب و هوایی بد نیز مانع از تلاش‌ها برای نجات شده است. پیتمن اشاره کرد که اوضاع تا هفته بعد بهتر نخواهد شد بنا به گفته پیتمن، مقدار و ضخامت یخ بسته، در بدترین وضعیتی برای شکارچیان گوساله ماهی در 15 سال گذشته است.,مطابق با متن، چه چیز مشکل کنونی برای شکارچیان گوساله ماهی نخواهد بود؟,4,3,شرایط آب‌وهوایی نامساعد,مقدار یخ,ضخامت یخ,ذوب شدن یخ,False
594,این پرونده در ویرجینیا تحت پیگرد قانونی قرار گرفت، زیرا آنجا مرکز پیشرو در ارائه خدمات اینترنتی AOL است، شرکتی که این اتهامات را برمی‌انگیزد. این نخستین بار است که محکومیتی با استفاده از قانون مصوب سال 2003 به منظور جلوگیری از ارسال ایمیل انبوه، هرزنامه، و ارسال ناخواسته ایمیل به صندوق های پستی کاربران ایجاد می‌شود.,کدام‌یک از عبارات زیر به‌طور دقیق این پرونده را توصیف می‌کند؟,4,1,AOL متهم به توزیع ناخواسته شد,این پرونده شامل دو ارائه‌دهنده خدمات اینترنتی پیش‌رو بود,این پرونده در سال 2003 پیگیری شد,AOL شروع به پیگیری این پرونده کرد,False
595,ویدال 28 ساله سه فصل پیش از باشگاه سِویا به باشگاه بارسا ملحق شده بود. ویدال از موقع نقل مکان به پایتخت کاتالونیا، در 49 بازی این باشگاه بازی کرده بود.,مطابق متن، ویدال در سه فصل گذشته در کدام باشگاه شروع به بازی کرد؟,3,1,سِویا,کاتالونیا,بارسا,کاپیتال,False
615,او به همراه آن مقامات به شهروندان تگزاس اطمینان خاطر داد که اقداماتی برای حفاظت از ایمنی عمومی در حال انجام است. «پری» بویژه بیان کرد: «کمتر مکانی در دنیا مجهزتر از اینجا وجود دارد که برای مقابله با این مورد چالش‌انگیز آمادگی داشته باشد.» فرماندار همچنین اظهار داشت: «امروز دریافتیم که برخی از کودکان مدرسه‌ای شناسایی شده‌اند که با بیمار تماس داشته‌اند.» وی در ادامه گفت: «این پرونده جدی است. مطمئن باشید سیستم ما آنطور که باید کار می‌کند.»,مطابق با متن، فرماندار هنگام سخنرانی برای شهروندان تگزاس چه تضمینی نداد؟,4,1,سیستم به‌خوبی کار می‌کند,کارهایی برای حفاظت از ایمنی عموم درحال انجام است,آنها ابزار لازم را برای رویارویی با این چالش دارند,این پرونده جدی نیست,False
620,وی افزود: «اکنون موش‌های 4 ماهه‌ای داریم که دیابت ندارند در حالی که قبلاً دیابت داشتند.» دکتر ایهود اور، استاد پزشکی دانشگاه دالهاوزی در هلیفکس، نوااسکوشیا و رئیس بخش کلینیکی و علمی انجمن دیابت کانادا هشدار داد که این تحقیق هنوز در روزهای آغازین خود می‌باشد. مانند سایر متخصصان، او با اشاره به اینکه این یافته‌ها ارتباطی با کسانی که از قبل دیابت نوع 1 دارند نداشته است، نسبت به قابلیت درمان دیابت تردید دارد.,چه چیز درباره تحقیق انجام گرفته توسط دکتر ایهود اور صحیح است؟,2,3,نتایج ممکن است برای بیمارانی که از قبل دیابت نوع 1 داشته‌اند مفید باشد,برخی از موش‌های دارای دیابت دیگر دیابت ندارند,او خوشبین است که این یافته‌ها می‌تواند منجر به یک درمان شود,برخی از موش‌های بدون دیابت اکنون دیابت دارند,False
636,هیأت ژیمناستیک ایالات متحده آمریکا از نامه کمیته المپیک ایالات متحده حمایت می‌کند و نیاز قاطع خانواده المپیک به ترویج محیطی امن برای تمام ورزشکارهای ما را می‌پذیرد. ما با بیانیه USOC موافقیم که با پیشروی و تغییرات معنادار در سازمان ما به جای لغو اعتبار، بهتر می‌توان در خدمت منافع ورزشکاران و باشگاه‌های ما و ورزش آنها بود. هیأت ژیمناستیک ایالت متحده آمریکا از یک تحقیق مستقل حمایت می‌کند که احتمالاً بتواند روشن سازد که موضوع سوء استفاده از بخشی که بازماندگان لری نصار با جسارت بیان کرده بودند چطور مدت‌ها کشف‌نشده باقی ماند و ضمناً تغییرات لازم و مناسب را دربر گیرد. هیأت ژیمناستیک ایالات متحده آمریکا و USOC نیز همان هدف را دارد - امن نمودن ورزش ژیمناستیک و سایر ورزش‌ها تا حد ممکن تا رؤیاهای خود را در محیطی امن، مثبت و توانمند دنبال کنند.,مطابق با این عبارت، چه چیز توسط ژیمناستیک ایالات متحده آمریکا پس از سوء‌استفاده نصار از ورزشکاران حمایت نشده است؟,1,4,لغو گواهی,ایجاد یک محیط توانمند,تغییرات ضروری درون‌سازمانی,یک تحقیقات مستقل,False
640,اواخر روز یکشنبه،‌ رئیس جمهور ایالات متحده، دونالد ترامپ در بیانیه‌ای از طریق دبیر مطبوعاتی کاخ سفید اعلام کرد نیروهای ایالات متحده از سوریه خارج خواهند شد. این اعلامیه پس از مکالمه تلفنی ترامپ با رئیس‌جمهور ترکیه،‌ رجب طیب اردوغان، منتشر شد. ترکیه همچنین محافظت از جنگجویان اسیر داعش را بر عهده خواهد گرفت، که به گفته این بیانیه، کشور‌های اروپایی از بازگشت آنها به وطن خود جلوگیری کرده‌اند.,چه کسی درخصوص نیروهای ایالات متحده سخنرانی کرد؟,4,1,دونالد ترامپ,طیب اردوغان,مبارزین داعش,وزیر مطبوعات,False
645,پس از آنکه این سد در 1963 ساخته شد، از بروز سیل‌های فصلی که گل و لای آن در سراسر رودخانه پخش می‌شد، پیشگیری شد. این رسوب برای ایجاد سدهای ساحلی و سواحل ضروری است که زیستگاه‌های حیات‌وحش به حساب می‌آیند. در نتیجه، دو گونه ماهی منقرض شده اند، و دو گونه دیگر نیز در معرض خطر قرار گرفته اند، از جمله چاب کوهان دار. گرچه سطح آب پس از سیل چند پله افزایش می‌یابد، اما مقامات امیدوارند این وضعیت برای بازسازی سد ساحلی در پایین دست کافی باشد.,ساخت سد بر کدام‌یک از موارد زیر تأثیر دائمی گذشت؟,2,4,سد ساحلی شنی,ماهی‌های چاب کوهان‌دار,زیستگاه‌های حیات وحش,انتشار رسوب,False
652,آدام کوئردن، مدیر منابع مشترک، هنگام گفتگو با ویکی‌نیوز در ماه گذشته،‌ از این حذفیات ابراز سرخوردگی کرد. «او [ولز] از همان ابتدا به ما دروغ گفت. اول از همه، با وانمود کردن اینکه این به‌خاطر دلایل قانونی است. دوم، با وانمود کردن اینکه به حرف‌های ما گوش می‌کند، اما درست تا حذف هنرش پیش رفت.» خشم جامعه منجر به تلاش‌های جاری برای طرح سیاستی در خصوص محتوای جنسی برای این سایت شد که میزبان میلیون‌ها رسانه با دسترسی آزاد است.,کدام‌یک از موارد زیر دلیل سرخوردگی آدام کوئردن نیست؟,1,3,خط‌مشی جدید سایت درخصوص محتوای جنسی,حذف هنر ولز,عدم توجه ولز,دروغ‌ها درباره دلیل حذف هنر,False
655,خیلی‌ها از مشمول شدن دسته زن‌ها حمایت نکردند. امیر خان، مدال‌آور نقره المپیک سال 2004، گفت: «در واقع فکر می‌کنم زنان نباید بجنگند. نظر من این است.» علی‌رغم اظهاراتش، گفت در المپیک سال 2012 که قرار است در لندن برگزار شود حامی شرکت‌کنندگان بریتانیایی خواهد بود.,مطابق با متن، امیرخان از کدام موارد زیر علیرغم نظر شخصی‌اش حمایت خواهد کرد؟,1,3,مبارزان زن,حریف‌هایش از المپیک 2004,المپیک 2012,سایر مدال‌آوران نقره,False
659,امروزه مسافرت هوایی به ندرت بطور مستقیم از طریق خط هوایی و بدون جستجوی اولیه و مقایسه قیمت‌ها صورت می‌گیرد. گاهی همان پرواز می‌تواند قیمت‌های کاملاً متفاوتی در وبسایت‌های اطلاع‌رسانی داشته باشد و مقایسه نتایج جستجو و دیدن وبسایت خود خط‌هوایی نیز قبل از رزرو مفید واقع می‌شود.,مطابق با متن، مسافری که نگران قیمت است کدام‌یک از موارد زیر را باید آخر انجام دهد؟,2,4,جستجو برای پیشنهادهای شرکت‌های مسافرتی متعدد,رزرو مستقیماً نزد خط هوایی,مقایسه قیمت‌ها بین چند خط هوایی,بررسی وب‌سایت خط هوایی,False
671,قاره قطب جنوب سردترین مکان زمین است و قطب جنوب زمین را احاطه کرده است. بازدیدهای توریستی پرهزینه است، نیازمند آمادگی جسمانی است، تنها در تابستان و در خلال نوامبر-فوریه انجام می‌شود و عمدتاً به شبه جزیره، جزایر و دریای راس محدود می‌شود. در تابستان حدود چند هزار کارمند در اینجا و در تقریباً‌ پنجاه پایگاه و اکثراً‌ در آن مناطق زندگی می‌کنند؛ تعداد کمی در طول زمستان می‌مانند. خشکی‌های قطب جنوب یک دشت خالی از سکنه است که با 2-3 کیلومتر یخ پوشانده شده است. متخصصین تورهای هوایی گاه و بیگاه برای کوهنوردی یا رسیدن به قطب که دارای پایگاه بزرگی ست، به داخل کشور می‌روند.,توریستی که علاقمند به کوهنوردی است کدام بخش از قطب جنوب را می‌تواند بازدید کند؟,2,3,دریای راس,محل‌های خشکی,شبه‌جزیره,جزیره‌ها,False
675,بدلیل قرار گرفتن اوکلند بین دو بندرگاه، ساحل‌های بسیاری وجود دارند. محبوب‌ترین آنها در سه ناحیه قرار دارند. سواحل نورث شور (در منطقه نورث هاربر) در اقیانوس آرام است و از لانگ بی در شمال تا دونپورت در جنوب امتداد دارد. آنها تقریباً همه سواحل شنی هستند که شنا در آنها ایمن است و اکثر آنها دارای سایه درختان پوهوتوکاوا است. سواحل تاماکی درایو در بندر وایتماتا، در حومه شهرهای معروف میشن بی و سنت هلییرز در اوکلند مرکزی قرار دارند. اینها سواحل خانوادگی هستند که گاهی اوقات شلوغند و دارای فروشگاه های خوبی در امتداد ساحل می‌باشند. شنا کردن بی خطر است.,مطابق با متن، شرایط شنا احتمالاً در کجا ایمن‌تر است؟,3,2,دونپورت,منطقه نورث هاربر,اوکلند مرکزی,لانگ‌بی,False
676,لطفاً به خاطر داشته باشید که اساساً در حال بازدید از محل یک گور دسته‌جمعی هستید و همچنین محلی که برای بخش قابل توجهی از مردم جهان دارای معنای تقریباً غیرقابل محاسبه ای است. هنوز مردان و زنان بسیاری هستند که از اینجا جان سالم به در برده‌اند، و بسیاری دیگر عزیزانی داشتند که در آنجا به قتل رسیده یا آنقدر کار کرده‌اند که مرده‌اند، یهودی و غیریهودی فرقی نمی‌کرد. لطفاً از این محل با تمام شأن، افتخار و احترامی که لایق آن است دیدن کنید. درباره هولوکاست یا نازی‌ها لطیفه نگویید. با نقاشی دیواری یا حک کردن روی بناها این مکان را از شکل نیندازید.,هنگام بازدید از محلی که در متن توصیف شده، کدام‌یک از موارد زیر نامناسب محسوب خواهند شد؟,1,3,جدی عمل کردن,علامت‌گذاری جایی دور محل,لطیفه گفتن درباره آن,خراشیدن یک سازه,False
678,زبانهای فرعی زبانهای مصنوعی یا ساخته شده هستند که با هدف تسهیل ارتباط بین مردمی ساخته شده‌اند که بدون آنها در برقراری ارتباط مشکل دارند. آنها مجزا از زبان میانجی مجزا هستند، که عبارتند از زبان‌هایی طبیعی یا ارگانیک که بنا به دلیل یا دلایلی به عنوان یک وسیله ارتباطی بین گویشگران سایر زبانها غالب می‌شوند.,کدام عبارت به‌طور دقیق توصیف‌کننده زبان‌های فرعی نیست؟,3,2,آنها زبان‌های ارگانیکی هستند که برای تسهیل ارتباط بین مردمی که از طریق دیگر یکدیگر را نمی‌فهمند استفاده می‌شوند,آنها زبان‌هایی هستند که هم طبیعی و هم ساخته شده‌اند,آنها زبان‌هایی هستند که برای بهبود سناریوهای ارتباطی مشکل ساخته می‌شوند ,زبان‌های ایجادشده‌ای هستند که بین گویش‌ورهای زبان‌های مختلف غالب است,False
696,اگر می‌خواهید دنیا را ارزان، به حد ضرورت، به‌خاطر سبک زندگی یا یک چالش بگردید، روش‌های مختلفی برای این امر وجود دارد. اساساً در دو دسته قرار می‌گیرند: اینکه هنگام مسافرت کار کنید و یا سعی کنید هزینه‌هایتان را محدود کنید. این مقاله بر دسته دوم تمرکز دارد. کسانی که بخاطر پایین آوردن هزینه‌ها تا نزدیک صفر تمایل به فدا کردن راحتی، زمان و قابلیت پیش‌بینی دارند، بخش حداقل بودجه سفر را بخوانند. این مشاوره فرض را بر این می‌گذارد که مسافران دزدی نمی‌کنند، از قوانین تخطی نمی‌کنند، در بازار غیرقانونی شرکت نمی‌کنند، التماس نمی‌کنند یا درغیراین‌صورت از افراد دیگر برای کسب منافع خود سوء استفاده نمی‌کنند.,مطابق با متن، چه کسی ممکن است برای مسافرت با حداقل بودجه با مشکل مواجه شود؟,4,2,کسی که چالش‌پذیر است,کسی که محدودیت‌های زمانی سختگیرانه ندارد,کسی که هنگام مسافرت قصد کار کردن از راه دور را دارد,کسی که از پیروی یک برنامه سفر لذت می‌برد ,False
698,گستره بین مناطق پوینت ماریون و فیرمونت دارای چالش‌انگیزترین شرایط رانندگی در بزرگراه بوفالو است، زیرا به کرات از میان زمین‌های جنگلی پراکنده مجزا عبور می‌کند. اگر عادت به رانندگی در جاده‌های روستایی ندارید، حواستان جمع باشد:‌ شیب‌های تند، باندهای باریک و پیچ‌های تند زیادتری وجود دارند. محدودیت‌های سرعت نصب‌شده بطور قابل توجهی کمتر از بخش‌های قبلی و بعدی است - معمولاً 35 تا 40 مایل بر ساعت (56 تا 64 کیلومتر در ساعت) - و رعایت جدی آنها حتی از بخش‌های دیگر هم مهم‌تر است. با کمال تعجب، خدمات تلفن همراه در اینجا بسیار قوی تر از سایر نقاط مسیر است، به عنوان مثال پنسیلوانیا وایلد.,مطابق با متن، کدام‌یک از این موارد باید نگرانی اصلی رانندگانی باشد که در بزرگراه بوفالو-پیتسبرگ رانندگی می‌کنند؟,3,4,گیر کردن در ترافیک سنگین,نبود سرویس‌دهی کافی تلفن همراه,دور تند و خیلی سریع زدن,مواجهه مکرر با مرمت جاده ,False
699,دره نوردی (یا: canyoneering) به معنای رفتن به ته یک دره است، دره‌ای که می‌تواند خشک یا پر از آب باشد. دره‌نوردی عناصر شنا، صعود از کوه و پریدن از ارتفاع را ادغام می‌کند ولی نیاز به کمی تمرین و آمادگی جسمانی برای شروع است (برای مثال با صخره‌نوردی،‌ غواصی یا اسکی بازی آلپ مقایسه شده است).,کدام‌یک از موارد زیر برای شروع دره‌نوردی الزامی نیست؟,2,4,شنا بلد بودن,شرایط بدنی فوق‌العاده,توانایی پرش ,مقدار کمی آموزش,False
717,جزایر کوک یک کشور جزیره‌ای در اتحاد آزاد با نیوزلند است، که در پولینزی، در میانه اقیانوس آرام جنوبی واقع شده است. شبه‌جزیره‌ای است با 15 جزیره که تا بیش از 2.2 میلیون کیلومتر مربع در پهنه اقیانوس کشیده شده است. به این جزایر که منطقه زمانی‌شان با هاوایی یکسان است، گاهی نام «هاوایی پایین‌دست» را نسبت می‌دهند. اگرچه کم هستند، هنوز برخی از بازدید کنندگان سالخورده هاوایی را قبل از اینکه یکی از ایالت‌های امریکا شود و بدون همه هتل‌های بزرگ توریستی و سایر پیشرفت‌هایش به یاد می‌آورند. شهری در جزایر کوک وجود ندارد، بلکه از 15 جزیره مختلف تشکیل شده است. جزایر اصلی عبارتند از راروتونگو و آیتوتاکی.,کدام‌یک از موارد زیر جزایر کوک را به‌طور دقیق توصیف نمی‌کند؟,3,2,خیلی کوچک‌تر از هاوایی است,یک شبه‌جزیره است ,شهرهای اصلی راروتونگو و آیتوتاکی هستند,این کشور جزیره‌ای منطقه زمانی یکسانی با هاوایی دارد,False
724,گوزن‌های شمالی ذاتاً پرخاشگر نیستند، اما اگر احساس خطر کنند از خود دفاع خواهند کرد. وقتی فرد خطر بالقوه‌ای در گوزن‌های شمالی نبیند، زیاد به آنها نزدیک می‌شود و خود را به خطر می‌اندازد.,افراد از انجام کدام موارد زیر هنگام حضور گوزن شمالی باید اجتناب کنند؟,3,4,نادیده گرفتن حضور آنها,نزدیک شدن به آرامی,به حداقل رساندن سطح خطر بالقوه آنها,مشاهده آنها از دور,False
726,در گرمای روز، مسافران می‌توانند سراب‌هایی را تجربه کنند که باعث توهم دیدن آب (یا چیزهای دیگر) می‌شود. اگر مسافری سراب را دنبال کند می‌تواند خطرناک باشد چون باقی‌مانده انرژی گران‌بها و آب را هدر می‌دهد. حتی داغ‌ترین بیابان‌ها هم می‌توانند در شب بی‌نهایت سرد شوند. بدون داشتن لباس گرم سرمازدگی واقعاً یک خطر به‌حساب می‌آید.,مطابق با متن، کدام‌یک از موارد زیر کمترین خطر را برای یک مسافر در صحرا دارد؟,2,4,نداشتن لباس گرم در یک شب سرد,دیدن یک سراب که توهم آب می‌دهد,از دست دادن انرژی هنگام دنبال کردن سراب,از دست دادن آب هنگام دنبال کردن سراب,False
735,اکوادور ملزم داشته که شهروندان کوبایی قبل از ورود به اکوادور از طریق فرودگاه‌های بین‌المللی یا نقاط پذیرش مرزی دعوتنامه دریافت کنند. این نامه باید توسط وزارت امور خارجه اکوادور شکل قانونی بگیرد و با برخی الزامات مطابقت داشته باشد. این الزامات به منظور فراهم ساختن جریان سازمان یافته‌ای از مهاجرت بین دو کشور طرح‌ریزی شده است. شهروندان کوبایی که کارت سبز ایالات متحده را دارند، برای دریافت معافیت از این مورد ضروری باید از کنسولگری اکوادور بازدید کنند. گذرنامه شما باید حداقل 6 ماه بیش از تاریخ سفرتان معتبر باشد. برای اثبات مدت زمان اقامت‌تان به یک بلیط رفت و برگشت/رفت نیاز دارید.,به منظور اجتناب از الزامات مشخص هنگام ورود به اکوادور، یک شهروند کوبایی باید اول چه چیز داشته باشد؟,4,2,یک گذرنامه با اعتبار 6 ماه فراتر از تاریخ‌های مسافرت,یک دعوت‌نامه قانونی,یک بلیط سفر رفت و برگشت برای اثبات مدت ماندن,یک کارت سبز ایالات متحده,False
740,ارز رسمی فالکلند پوند فالکلند (FKP) است که ارزش آن معادل یک پوند بریتانیا (GBP) تعیین شده است. در تنها بانک موجود در جزایر که در استنلی و در امتداد فروشگاه FIC West واقع شده است، امکان تبدیل پول وجود دارد. معمولاً پوند انگلیس در سراسر جزایر قبول می‌شود و کارت‌های اعتباری استنلی و دلار آمریکا نیز اغلب پذیرفته می‌شوند. احتمالاً در جزایر دورتر کارت‌های اعتباری پذیرفته نشود، اگرچه ارز بریتانیا و ایالات متحده مورد قبول است؛ از قبل روش پرداخت مورد قبول را با مالکان هماهنگ کنید. مبادله ارز فالکلند در خارج از جزایر تقریبا غیرممکن است، بنابراین قبل از ترک جزایر پول خود را تبدیل کنید.,براساس متن، هنگام مسافرت در فالکلند از ایالات متحده، در کجا شکل دیگری از پرداخت بجز کارت اعتباری می‌تواند به‌ویژه مفید باشد؟,3,2,در فروشگاه FIC West,درسراسر جزایر,در جزایر دوردست,درسراسر استنلی,False
745,شرکت‌های هواپیمایی مانند Emirates، Etihad Airways، Qatar Airways و Turkish Airlines خدمات خود را به آفریقا بسیار گسترش داده‌اند و به نسبت سایر خطوط هوایی اروپایی بسیاری از شهرهای بزرگ آفریقایی را با نرخ رقابتی به هم متصل کرده‌اند. از سال 2014 خطوط‌هوایی ترکیه به 39 مقصد در 30 کشور آفریقایی پرواز می‌کنند. اگر زمان اضافه برای سفر دارید،‌ بررسی کنید که مظنه کلی هزینه سفر شما به آفریقا در مقایسه با سفر به دور دنیا چقدر است. فراموش نکنید که هزینه‌های اضافی ویزاهای اضافی، مالیات خروج، حمل و نقل زمینی و غیره را برای همه مناطق خارج از آفریقا اضافه کنید.,هنگام مقایسه مظنه کلی کرایه به آفریقا با سفر دور دنیا چه چیزی را لازم نیست درنظر گرفت؟,3,1,هزینه ویزاهای اضافی برای مکان‌های خارج از آفریقا,هزینه مالیات‌های عزیمت به آفریقا,هزینه ویزای آفریقا,هزینه حمل و نقل زمینی برای مکان‌های خارج از آفریقا,False
753,استفاده از برنامه‌های ناوبری GPS در تلفن هوشمندتان می‌تواند ساده‌ترین و در عین حال مناسب‌ترین راه برای مسیریابی در هنگام حضور در خارج از کشور باشد. این برنامه می‌تواند در خرید نقشه‌های جدید برای GPS یا دستگاه GPS شما به تنهایی یا اجاره یکی از آنها از شرکت اجاره خودرو برای شما صرفه مالی داشته باشد. اگر به تلفن خود اتصال داده ندارید یا زمانی که دور از دسترس است، عملکرد آن می‌تواند محدود شده یا در دسترس نباشد.,چه چیز دلیل خوبی برای استفاده از یک برنامه مسیریابی GPS بجای یک دستگاه مستقل نیست؟,1,4,نگران نبودن درباره اتصال داده,صرفه‌جویی در پول,اجتناب از اجاره,نیاز نداشتن به خرید نقشه‌های جدید,False
759,در بسیاری از نقاط جهان، دست تکان دادن یک حرکت دوستانه است و نشانگر «سلام» است. با این حال، در مالزی حداقل در میان مالایی‌ها در مناطق روستایی، به معنای تحت تاثیر قرار «دادن است،» مشابه خم کردن انگشت سبابه به سمت بدن، ژستی که در برخی از کشورهای غربی مورد استفاده قرار می‌گیرد و فقط باید برای آن منظور استفاده شود. به همین ترتیب، یک مسافر انگلیسی در اسپانیا ممکن است دست تکان دادن به معنی خداحافظی را با ژست حرکتی بازگشتن اشتباه بگیرد که در این حالت کف دست روبروی شخص تکان دهنده قرار می‌گیرد (به‌جای آنکه حرکت دست به سمت فرد باشد).,در مناطق روستایی مالزی، کدام ژست حرکتی به معنی «بیا اینجا» است؟,2,1,خم کردن انگشت سبابه,دست تکان دادن,کف دست‌ها را به کف‌دست فرد دیگر زدن,انگشت شصت را بالا گرفتن,False
772,Jardín de la Unión. این فضا به عنوان اتاق میانی یک صومعه قرن 17 ساخته شده است، که Templo de San Diego تنها ساختمان بازمانده از آن است. اکنون نقش میدان مرکزی را دارد، و همیشه در طول شبانه روز رویدادهای زیادی در آن در جریان است. تعدادی رستوران در اطراف باغ وجود دارد، و اغلب بعدازظهرها و شب از عمارت مرکزی کنسرت‌های رایگان پخش می‌شود. Callejon del Beso (کوچه بوسه). دو بالکنی که فقط 69 سانتی‌متر با هم فاصله داشتند منزلگاه افسانه عاشقانه‌ای کهن است. بعضی کودکان در عوض چند سکه برای شما قصه را می‌گویند.,مطابق با متن، کدام‌یک از موارد زیر در Jardín de la Unión یافت نمی‌شود؟,2,4,یک بالکنی مرکزی با کنسرت,منزلگاه یک داستان عاشقانه قدیمی,رستوران‌های رو به باغ ,یک ساختمان صومعه قدیمی,False
779,مطمئن باشید وقتی که به بندر رسیدید، همه چیز تقریباً واضح خواهد بود. شما با سایر مسافران توراهی ملاقات خواهید کرد و آنها اطلاعات خود را با شما به اشتراک می‌گذارند. در اصل شما می‌توانید اعلامیه‌هایی نشان دهید که کمک پیشنهادی شما را نشان دهد، در اسکله‌ها قدم بزنید، به افرادی که قایق‌های خود را تمیز می‌کنند، نزدیک شوید، سعی کنید با ملوانان در بار تماس برقرار کنید و غیره. سعی کنید تا حد ممکن با افراد بیشتری صحبت کنید. پس از مدتی همه شما را خواهند شناخت و راهنمایی خواهند کرد که کدام قایق به دنبال اشخاص می‌گردد.,اگر خواهان یافتن قایقی هستید که به‌دنبال کمک است، از چه چیز باید اجتناب کنید؟,4,3,قدم زدن در اسکله‌ها,دوست شدن با کاپیتان‌ها,تبلیغ کردن درباره خدمات‌تان,نادیده گرفتن مسافران توراهی قایق,False
