,Passage,Question,Original Answer,Predicted Answer,Option 1,Option 2,Option 3,Option 4,Parsed Answer,Parsed Explanation,Parsed Highlighted Context,Parsed Keywords
0,بشر هزاران هزار سال از عدسی‌ها برای بزرگ‌نمایی استفاده می‌کرده است. با این حال، اولین تلسکوپ های واقعی در اواخر قرن 16 در اروپا ساخته شدند. در این تلسکوپ از ترکیب دو عدسی استفده شده است تا اجسام دور را هم نزدیکتر و هم بزرگتر نشان دهد.,کدام یک از موارد زیر را انسان‌ها در قرن شانزدهم شروع کردند؟,4,"<answer>4</answer>

<explanation>در متن گفته شده که اولین تلسکوپ‌های واقعی در قرن ۱۶ در اروپا ساخته شدند. پس تنها گزینه‌ای که با اطلاعات متن مطابقت دارد، ساخت تلسکوپ است.</explanation>

<highlight>بشر هزاران هزار سال از عدسی‌ها برای بزرگ‌نمایی استفاده می‌کرده است. با این حال، اولین تلسکوپ‌های واقعی در اواخر قرن ۱۶ در اروپا ساخته شدند.</highlight>

<keywords> ['تلسکوپ', 'عدسی', 'بزرگنمایی', 'قرن ۱۶', 'اروپا'] </keywords>",استفاده از عدسی‌ها,بزرگنمایی اشیاء,ساخت عدسی‌ها,ساخت تلسکوپ,4,در متن گفته شده که اولین تلسکوپهای واقعی در قرن ۱۶ در اروپا ساخته شدند. پس تنها گزینهای که با اطلاعات متن مطابقت دارد، ساخت تلسکوپ است.,بشر هزاران هزار سال از عدسیها برای بزرگنمایی استفاده میکرده است. با این حال، اولین تلسکوپهای واقعی در اواخر قرن ۱۶ در اروپا ساخته شدند.,"[""'تلسکوپ'"", ""'عدسی'"", ""'بزرگنمایی'"", ""'قرن ۱۶'"", ""'اروپا'""]"
1,گوارانی‌ها مهم‌ترین گروه بومی ساکن پاراگوئه شرقی کنونی بودند که به شکل شکارچیان نیمه کوچ‌نشین زندگی می‌کردند و به کشاورزی معیشتی نیز می‌پرداختند. منطقه چاکو محل اقامت گروه‌های دیگر قبایل بومی مانند Guaycurú و Payaguá بود که با شکار، جمع آوری و ماهیگیری زندگی خود را می‌گذراندند. در قرن 16، پاراگوئه که قبلاً «استان غول پیکر هند» خوانده می شد، در نتیجه برخورد فاتحان اسپانیایی با گروه های بومی متولد شد. اسپانیایی‌ها دوره استعماری را شروع کردند که سه قرن طول کشید. پاراگوئه از زمان تأسیس آسانسیون در سال 1537، توانسته است بسیاری از خصوصیات و شخصیت‌های بومی خود را حفظ کند.,دوران استعمارگری که سه قرن طول کشید توسط کدام گروه شروع شد؟,4,"<answer>4</answer>

<explanation>گفته شده است که پاراگوئه در قرن 16ام پس از برخورد فاتحان اسپانیایی با گروه‌های بومی متولد شد. این برخورد آغاز دوره‌ای استعماری سه قرن بود. بنابراین، پاسخ این است که دوران استعماری توسط فاتحان اسپانیایی آغاز شد.</explanation>

<highlight>در قرن 16، پاراگوئه که قبلاً «استان غول پیکر هند» خوانده می شد، در نتیجه برخورد فاتحان اسپانیایی با گروه های بومی متولد شد. اسپانیایی‌ها دوره استعماری را شروع کردند که سه قرن طول کشید.</highlight>

<keywords> ['گوارانی‌', 'بومی', 'پاراگوئه', 'شکارچیان', 'کشاورزی', 'چاکو', 'Guaycurú', 'Payaguá', 'فاتحان', 'اسپانیایی', 'استعماری', 'آسانسیون'] </keywords>",پاراگوئه,Guaycurú,گورانی‌ها ,فاتحان اسپانیایی,4,گفته شده است که پاراگوئه در قرن 16ام پس از برخورد فاتحان اسپانیایی با گروههای بومی متولد شد. این برخورد آغاز دورهای استعماری سه قرن بود. بنابراین، پاسخ این است که دوران استعماری توسط فاتحان اسپانیایی آغاز شد.,در قرن 16، پاراگوئه که قبلاً «استان غول پیکر هند» خوانده می شد، در نتیجه برخورد فاتحان اسپانیایی با گروه های بومی متولد شد. اسپانیاییها دوره استعماری را شروع کردند که سه قرن طول کشید.,"[""'گوارانی'"", ""'بومی'"", ""'پاراگوئه'"", ""'شکارچیان'"", ""'کشاورزی'"", ""'چاکو'"", ""'Guaycurú'"", ""'Payaguá'"", ""'فاتحان'"", ""'اسپانیایی'"", ""'استعماری'"", ""'آسانسیون'""]"
2,خورشید پوسته‌ای شبیه کره زمین ندارد که بتوانید روی آن بایستید. کل خورشید از گازها، آتش و پلاسما ساخته شده است. هرچه از مرکز خورشید دورتر شوید، این گاز رقیق‌تر می‌شود. وقتی به خورشید نگاه می‌کنیم قسمت بیرونی که می‌بینیم فوتوسفر گفته می‌شود که به معنی «توپ نور» است.,با توجه به متن، کدام قسمت از خورشید از زمین قابل مشاهده است؟,3,"<answer>3</answer>

<explanation>در متن گفته شده که وقتی به خورشید نگاه می‌کنیم، قسمت بیرونی که مشاهده می‌کنیم «فوتوسفر» نام دارد. بنابراین قسمت قابل مشاهده خورشید، فوتوسفر است.</explanation>

<highlight>وقتی به خورشید نگاه می‌کنیم قسمت بیرونی که می‌بینیم فوتوسفر گفته می‌شود</highlight>

<keywords> ['خورشید', 'فوتوسفر'] </keywords>",پوسته,پلاسما,فوتوسفر,مرکز,3,در متن گفته شده که وقتی به خورشید نگاه میکنیم، قسمت بیرونی که مشاهده میکنیم «فوتوسفر» نام دارد. بنابراین قسمت قابل مشاهده خورشید، فوتوسفر است.,وقتی به خورشید نگاه میکنیم قسمت بیرونی که میبینیم فوتوسفر گفته میشود,"[""'خورشید'"", ""'فوتوسفر'""]"
3,آن مرد ظاهراً یک خودروی سه‌چرخ مسلح به مواد منفجره را به داخل جمعیت هدایت کرده بود. مرد مظنون به انفجار بمب، پس از تحمل جراحات ناشی از انفجار، بازداشت شد. اگرچه آنها می‌دانند كه او عضو گروه قومی اویغور است، نام وی هنوز برای مقامات ناشناخته است.,مقامات چه اطلاعاتی درخصوص حمله تأیید کرده بودند؟,2,"<answer>2</answer>

<explanation>در متن گفته شده که مقامات می‌دانند مرد مظنون به بمب‌گذاری عضو گروه قومی اویغور است، بنابراین تنها اطلاعاتی که مقامات در خصوص این حمله تأیید کرده‌اند، قومیت مظنون است.</explanation>

<highlight>اگرچه آنها می‌دانند كه او عضو گروه قومی اویغور است</highlight>

<keywords>['مرد مظنون', 'بمب‌گذاری', 'قومیت', 'اویغور', 'مقامات']</keywords>",هویت هم‌دست‌ها,قومیت مظنون,انگیزه حمله,نام و نام خانوادگی مظنون,2,در متن گفته شده که مقامات میدانند مرد مظنون به بمبگذاری عضو گروه قومی اویغور است، بنابراین تنها اطلاعاتی که مقامات در خصوص این حمله تأیید کردهاند، قومیت مظنون است.,اگرچه آنها میدانند كه او عضو گروه قومی اویغور است,"[""'مرد مظنون'"", ""'بمبگذاری'"", ""'قومیت'"", ""'اویغور'"", ""'مقامات'""]"
4,ما می توانیم زندگی دوستانه تری را با محیط زیست آغاز کنیم، می توانیم به جنبش محیط زیست بپیوندیم و حتی می توانیم برای اینکه تا حدودی آلام آینده را کاهش دهیم، فعال محیط زیست شویم. این دقیقاً مانند بسیاری از موارد درمان حمایتی است. با این وجود، اگر تنها به دنبال یک راه‌حل موقت نباشیم، باید ریشه مشکلات را بیابیم و باید آن‌ها را غیرفعال کنیم. پرواضح است که دنیا به‌خاطر پیشرفت‌های علمی و فناوری بشر تغییر کرده و مشکلات به دلیل جمعیت بسیار زیاد و شیوه زندگی عجیب و غریب بشر، بیشتر شده است.,با توجه به متن، کدام مورد راه‌حلی قابل اجرا برای مسائل زیست‌محیطی در بلندمدت محسوب می‌شود؟,3,"<answer>3</answer>

<explanation>در متن اشاره شده است که برای یافتن راه‌حلی بلندمدت برای مسائل زیست‌محیطی، باید «ریشه مشکلات را بیابیم و باید آن‌ها را غیرفعال کنیم». این نشان می‌دهد که یافتن ریشه مسئله و برخورد با آن، یک راه‌حل اساسی و بلندمدت است.</explanation>

<highlight>«باید ریشه مشکلات را بیابیم و باید آن‌ها را غیرفعال کنیم»</highlight>

<keywords> ['محیط زیست', 'درمان حمایتی', 'پیشرفت‌های علمی', 'فناوری', 'جمعیت', 'سبک زندگی', 'مشکلات', 'ریشه'] </keywords>",تحریم انتخاب‌های سبک زندگی مصرف‌گرایانه,کنشگری,یافتن ریشه مسئله,تبدیل شدن به متحد جنبش محیط زیست,3,در متن اشاره شده است که برای یافتن راهحلی بلندمدت برای مسائل زیستمحیطی، باید «ریشه مشکلات را بیابیم و باید آنها را غیرفعال کنیم». این نشان میدهد که یافتن ریشه مسئله و برخورد با آن، یک راهحل اساسی و بلندمدت است.,«باید ریشه مشکلات را بیابیم و باید آنها را غیرفعال کنیم»,"[""'محیط زیست'"", ""'درمان حمایتی'"", ""'پیشرفتهای علمی'"", ""'فناوری'"", ""'جمعیت'"", ""'سبک زندگی'"", ""'مشکلات'"", ""'ریشه'""]"
5,ورزش‌های زمستانی روی تپه، از جمله اسکی و اسنوبورد، ورزش‌های پرطرفداری هستند که در آنها با استفاده از چوب اسکی یا اسنوبورد متصل به پاهایتان روی زمین‌های شیب‌دار پوشیده از برف سرمی‌خورید. اسکی فعالیت اصلی سفر است که علاقه‌مندان زیادی دارد و گهگاه با نام «اسکی گردی» شناخته می شود، یعنی برنامه ریزی کل تعطیلات حول محور اسکی کردن در یک محل خاص. ایده اسکی‌بازی خیلی قدیمی است - قدمت نقاشی‌های غارها که اسکی بازها را نشان می‌دهد به 5000 سال قبل از میلاد باز می‌گردد. ورزش اسکی روی تپه حداقل به قرن 17 ام برمی‌گردد، و در سال 1861، اولین باشگاه تفریحی اسکی را نروژی‌ها در استرالیا افتتاح کردند.,مطابق با متن، حدود چه زمانی اسکی‌بازی اولین بار به عنوان ورزش شناخته شد؟,4,"<answer>4</answer>

<explanation>متن اشاره می‌کند که ورزش اسکی روی تپه «حداقل» به قرن هفدهم برمی‌گردد. این بدان معنی است که ممکن است تاریخ دقیق آن ناشناخته باشد، اما می‌دانیم که این ورزش حداقل از قرن هفدهم وجود داشته و به عنوان ورزشی تفریحی شناخته می‌شده است.</explanation>

<highlight>ورزش اسکی روی تپه حداقل به قرن 17 ام برمی‌گردد</highlight>

<keywords>[""ورزش‌های زمستانی"", ""اسکی"", ""اسنوبورد"", ""تپه"", ""ورزش"", ""تفریحی"", ""سفر"", ""اسکی گردی"", ""ایده"", ""اسکی‌بازی"", ""قدیمی"", ""نقاشی‌های غار"", ""تاریخ"", ""قرن 17"", ""باشگاه"", ""نروژی"", ""استرالیا"", ""قرن هجدهم"", ""5000 سال قبل از میلاد""]</keywords>",قرن هجدهم,5000 سال قبل از میلاد,1861,قرن هفدهم,4,متن اشاره میکند که ورزش اسکی روی تپه «حداقل» به قرن هفدهم برمیگردد. این بدان معنی است که ممکن است تاریخ دقیق آن ناشناخته باشد، اما میدانیم که این ورزش حداقل از قرن هفدهم وجود داشته و به عنوان ورزشی تفریحی شناخته میشده است.,ورزش اسکی روی تپه حداقل به قرن 17 ام برمیگردد,"['""ورزشهای زمستانی""', '""اسکی""', '""اسنوبورد""', '""تپه""', '""ورزش""', '""تفریحی""', '""سفر""', '""اسکی گردی""', '""ایده""', '""اسکیبازی""', '""قدیمی""', '""نقاشیهای غار""', '""تاریخ""', '""قرن 17""', '""باشگاه""', '""نروژی""', '""استرالیا""', '""قرن هجدهم""', '""5000 سال قبل از میلاد""']"
6,ACMA همچنین نتیجه گرفت که علیرغم اینکه این ویدئو در اینترنت پخش شده است ولی Big Brother از قوانین سانسور محتوای آنلاین تخطی نکرده است، زیرا این رسانه‌ها در وب‌سایت Big Brother ذخیره نشده بودند. قانون خدمات پخش مقررات محتوای اینترنتی را مشخص می‌کند، اما وقتی محتوایی جزء محتوای اینترنتی محسوب می‌شود که به‌شکل فیزیکی روی یک سرور مستقر باشد.,برای اینکه رسانه تحت مقوله محتوای اینترنتی لحاظ شود، باید چه پارامترهایی داشته باشد؟,2,"<answer>2</answer>

<explanation>در متن گفته می‌شود که محتوا برای اینکه جزء ""محتوای اینترنتی"" محسوب شود، باید ""به‌شکل فیزیکی روی یک سرور مستقر باشد"". این به این معنی است که پارامتر اصلی برای قرار گرفتن در این دسته، ذخیره شدن فیزیکی محتوا بر روی یک سرور است.</explanation>

<highlight>قانون خدمات پخش مقررات محتوای اینترنتی را مشخص می‌کند، اما وقتی محتوایی جزء محتوای اینترنتی محسوب می‌شود که به‌شکل فیزیکی روی یک سرور مستقر باشد.</highlight>

<keywords> ['قانون خدمات پخش', 'محتوای اینترنتی', 'سرور', 'ذخیره‌سازی فیزیکی'] </keywords>",باید از طریق اینترنت پخش شود,باید به صورت فیزیکی در سروری قرار گیرد,نمی‌تواند روی وبسایت ذخیره شود,باید توسط ACMA تأیید شود,2,"در متن گفته میشود که محتوا برای اینکه جزء ""محتوای اینترنتی"" محسوب شود، باید ""بهشکل فیزیکی روی یک سرور مستقر باشد"". این به این معنی است که پارامتر اصلی برای قرار گرفتن در این دسته، ذخیره شدن فیزیکی محتوا بر روی یک سرور است.",قانون خدمات پخش مقررات محتوای اینترنتی را مشخص میکند، اما وقتی محتوایی جزء محتوای اینترنتی محسوب میشود که بهشکل فیزیکی روی یک سرور مستقر باشد.,"[""'قانون خدمات پخش'"", ""'محتوای اینترنتی'"", ""'سرور'"", ""'ذخیرهسازی فیزیکی'""]"
7,عرفان عبارت است از جستجوی ارتباط، شناخت یا درک آگاهانه از یک واقعیت، الوهیت، حقیقت معنوی یا خدا. این مؤمن خواستار تجربه، بصیرت یا بینشی مستقیم نسبت به واقعیت الهی/خدا یا خدایان است. پیروان روش‌های خاصی از معاش، یا اعمالی که به قصد شکل دادن این تجارب انجام می‌گیرند، را دنبال می‌کنند. ویژگی که عرفان را از سایر اشکال باورهای مذهبی و عبادی متمایز می‌کند تأکید آن بر تجربه مستقیم شخصی از یک حالت هشیاری منحصربه‌فرد است، بخصوص تجربه‌ای که از خصلت آرامش، بینش، سعادت یا حتی نشاط برخوردار باشد.,با توجه به متن، کدام یک از موارد زیر مورد توجه عرفان نیست؟,2,"<answer>2</answer>

<explanation>عرفان به دنبال تجربه مستقیم و شخصی از واقعیت الهی است که می تواند شامل شهود، بینش یا درک آگاهانه از الوهیت باشد. اگرچه عرفان بر تجربیات معنوی تأکید دارد، اما این تجربیات منحصر به فرد و خاص هر فرد هستند، نه تجربیات مشترک و همگانی. بنابراین، ""طلب بینش از طریق تجربیات مشترک و همگانی"" موردی است که عرفان به دنبال آن نیست.</explanation>

<highlight>عرفان عبارت است از جستجوی ارتباط، شناخت یا درک آگاهانه از یک واقعیت، الوهیت، حقیقت معنوی یا خدا. این مؤمن خواستار تجربه، بصیرت یا بینشی مستقیم نسبت به واقعیت الهی/خدا یا خدایان است.</highlight>

<keywords> ['عرفان', 'تجربه مستقیم', 'واقعیت الهی', 'بینش', 'درک آگاهانه', 'معنویت'] </keywords>",جستجوی شهود به واقعیت الهی,طلب بینش از طریق تجربیات مشترک و همگانی,تأکید بر حالت سعادتمند خودآگاه,طلب درک آگاهانه الوهیت,2,"عرفان به دنبال تجربه مستقیم و شخصی از واقعیت الهی است که می تواند شامل شهود، بینش یا درک آگاهانه از الوهیت باشد. اگرچه عرفان بر تجربیات معنوی تأکید دارد، اما این تجربیات منحصر به فرد و خاص هر فرد هستند، نه تجربیات مشترک و همگانی. بنابراین، ""طلب بینش از طریق تجربیات مشترک و همگانی"" موردی است که عرفان به دنبال آن نیست.",عرفان عبارت است از جستجوی ارتباط، شناخت یا درک آگاهانه از یک واقعیت، الوهیت، حقیقت معنوی یا خدا. این مؤمن خواستار تجربه، بصیرت یا بینشی مستقیم نسبت به واقعیت الهی/خدا یا خدایان است.,"[""'عرفان'"", ""'تجربه مستقیم'"", ""'واقعیت الهی'"", ""'بینش'"", ""'درک آگاهانه'"", ""'معنویت'""]"
8,محمد عمیقا به امور فراتر از این زندگی دنیوی علاقه مند بود. او عادت داشت که برای تامل به غاری به نام «حرا» در کوه «نور» برود. خود غار که طی اعصار سالم مانده است بیانگر تصور خیلی روشن از گرایش‌های روحانی حضرت محمد دارد. این غار در بالای یکی از کوه‌های شمال مکه واقع شده و به‌طور کامل از باقی نقاط جهان جدا شده است. در حقیقت، حتی اگر کسی بداند که چنین چیزی وجود دارد، پیدا کردنش کار ساده‌ای نیست. وقتی‌که وارد غار شدید، در یک انزوا کامل خواهید بود. هیچ چیزی غیر از آسمان صاف و زیبا در بالای سر و کوه‌های فراوان در اطراف دیده نمی‌شود. از داخل این غار بخش زیادی از این دنیا را نمی‌توان دید یا شنید.,بر اساس متن، غار محمد بیانگر چه چیزی درباره اعمال یا ارزش‌های روحانی او بود؟,1,"<answer>1</answer>

<explanation>غار حرا، مکانی بود که محمد برای تأمل و تفکر انتخاب کرده بود. این غار در بالای کوهی در شمال مکه قرار داشت و به دلیل موقعیت دورافتاده و جدا افتاده‌اش، فضایی آرام و منزوی را فراهم می‌کرد. توصیفاتی مانند ""انزوا کامل""، ""جدا شدن از باقی نقاط جهان"" و ""نبود هیچ چیز جز آسمان و کوه‌ها در اطراف"" نشان می‌دهد که محمد ارزش زیادی برای آرامش و تنهایی قائل بود تا بتواند به تأملات روحانی خود بپردازد.</explanation>

<highlight>خود غار که طی اعصار سالم مانده است بیانگر تصور خیلی روشن از گرایش‌های روحانی حضرت محمد دارد. این غار در بالای یکی از کوه‌های شمال مکه واقع شده و به‌طور کامل از باقی نقاط جهان جدا شده است. وقتی‌که وارد غار شدید، در یک انزوا کامل خواهید بود. هیچ چیزی غیر از آسمان صاف و زیبا در بالای سر و کوه‌های فراوان در اطراف دیده نمی‌شود.</highlight>

<keywords> [""غار حرا""، ""تأمل""، ""کوه نور""، ""انزوا""، ""آرامش""، ""جدا شدن از دنیا""] </keywords>",او برای آرامش و انزوا ارزش قائل بود,صدای بیرون به تأمل او کمک می‌کرد,به زمان خیلی کمی برای تنهایی نیاز داشت,نگران این بود که دیده یا شنیده شود,1,"غار حرا، مکانی بود که محمد برای تأمل و تفکر انتخاب کرده بود. این غار در بالای کوهی در شمال مکه قرار داشت و به دلیل موقعیت دورافتاده و جدا افتادهاش، فضایی آرام و منزوی را فراهم میکرد. توصیفاتی مانند ""انزوا کامل""، ""جدا شدن از باقی نقاط جهان"" و ""نبود هیچ چیز جز آسمان و کوهها در اطراف"" نشان میدهد که محمد ارزش زیادی برای آرامش و تنهایی قائل بود تا بتواند به تأملات روحانی خود بپردازد.",خود غار که طی اعصار سالم مانده است بیانگر تصور خیلی روشن از گرایشهای روحانی حضرت محمد دارد. این غار در بالای یکی از کوههای شمال مکه واقع شده و بهطور کامل از باقی نقاط جهان جدا شده است. وقتیکه وارد غار شدید، در یک انزوا کامل خواهید بود. هیچ چیزی غیر از آسمان صاف و زیبا در بالای سر و کوههای فراوان در اطراف دیده نمیشود.,"['""غار حرا""، ""تأمل""، ""کوه نور""، ""انزوا""، ""آرامش""، ""جدا شدن از دنیا""']"
9,کودکان از زمان کودکی نسبت به نژاد و کلیشه های نژادی آگاهی کسب می‌کنند و این کلیشه های نژادی بر رفتار تأثیر می گذارند. برای نمونه، کودکانی که با یک اقلیت‌نژادی شناخته می‌شوند که به‌صورت کلیشه‌ای عملکرد خوبی در مدرسه ندارد، به‌محض اینکه از این کلیشه نژاد خود آگاه می‌شوند تلاش می‌کنند تا عملکرد خوبی در مدرسه نداشته باشند.,با توجه به نظریه ارائه شده در متن، برای کودکانی که با یک اقلیت‌نژادی شناخته می‌شوند که به‌صورت کلیشه‌ای رفتار تهدیدآمیز دارد، چه اتفاقی ممکن است رخ دهد؟,2,"<answer>1</answer>

<explanation>با توجه به نظریه ارائه شده در متن، کودکان بر اساس آگاهی از کلیشه‌های نژادی خود، تلاش می‌کنند تا رفتاری داشته باشند که با این کلیشه‌ها همسو باشد. در این مورد خاص، کودکانی که با اقلیت نژادی مرتبط هستند که به‌صورت کلیشه‌ای رفتار تهدیدآمیز دارد، ممکن است تلاش کنند تا از درگیر شدن در چنین رفتارهایی خودداری کنند. این امر به دلیل تمایل کودک برای هماهنگ شدن با انتظارات اجتماعی و اجتناب از تقویت کلیشه‌های منفی است.</explanation>

<highlight>کودکان از زمان کودکی نسبت به نژاد و کلیشه های نژادی آگاهی کسب می‌کنند و این کلیشه های نژادی بر رفتار تأثیر می گذارند. ... کودکانی که با یک اقلیت‌نژادی شناخته می‌شوند ... به‌محض اینکه از این کلیشه نژاد خود آگاه می‌شوند تلاش می‌کنند تا با آن همسو شوند.</highlight>

<keywords>[""کودک"", ""نژاد"", ""کلیشه"", ""رفتار"", ""اقلیت"", ""مدرسه"", ""خودآگاهی"", ""همسو""]</keywords>",کودک سعی می‌کند از درگیر شدن در رفتارهای تهدیدآمیز خودداری کند,احتمال بیشتری وجود دارد که کودک درگیر رفتارهای تهدیدآمیز شود,کودک در موقعیت‌های اجتماعی کناره‌گیری می‌کند,کودک از تعامل با سایر اقلیت‌های نژادی امتناع خواهد کرد,1,با توجه به نظریه ارائه شده در متن، کودکان بر اساس آگاهی از کلیشههای نژادی خود، تلاش میکنند تا رفتاری داشته باشند که با این کلیشهها همسو باشد. در این مورد خاص، کودکانی که با اقلیت نژادی مرتبط هستند که بهصورت کلیشهای رفتار تهدیدآمیز دارد، ممکن است تلاش کنند تا از درگیر شدن در چنین رفتارهایی خودداری کنند. این امر به دلیل تمایل کودک برای هماهنگ شدن با انتظارات اجتماعی و اجتناب از تقویت کلیشههای منفی است.,کودکان از زمان کودکی نسبت به نژاد و کلیشه های نژادی آگاهی کسب میکنند و این کلیشه های نژادی بر رفتار تأثیر می گذارند. ... کودکانی که با یک اقلیتنژادی شناخته میشوند ... بهمحض اینکه از این کلیشه نژاد خود آگاه میشوند تلاش میکنند تا با آن همسو شوند.,"['""کودک""', '""نژاد""', '""کلیشه""', '""رفتار""', '""اقلیت""', '""مدرسه""', '""خودآگاهی""', '""همسو""']"
10,به دستور هروستراتوس، معبد آرتمیس در افسوس در 21 ژوئیه 356 قبل از میلاد آتش زده و تخریب شد. طبق این داستان، انگیزه او کسب شهرت به هر قیمتی بود. افسسیان با عصبانیت اعلام کردند نام هروستراتوس هرگز ثبت نشود. مورخ یونانی استرابو بعداً به نام آن اشاره كرده و اینگونه است كه امروزه آن را می‌شناسیم. در همان شبی که اسکندر مقدونی به دنیا آمد، معبد نابود شد. الکساندر، در جایگاه پادشاه، پیشنهاد کرد که هزینه بازسازی مقبره را بپردازد، اما پیشنهادش رد شد. بعدها پس از مرگ الکساندر، مقبره در سال 323 قبل از میلاد بازسازی شد.,چه کسی باعث آگاهی ما از آتش افروزی است که معبد را ویران کرد؟,3,"<answer>3</answer>

<explanation>در متن گفته شده که مورخ یونانی استرابو بود که به نام هروستراتوس اشاره کرد و باعث شد ما امروزه از این آتش افروزی و نقش او در ویرانی معبد آگاه باشیم.</explanation>

<highlight>مورخ یونانی استرابو بعداً به نام آن اشاره كرده و اینگونه است كه امروزه آن را می‌شناسیم.</highlight>

<keywords> [""هروستراتوس""، ""معبد آرتمیس""، ""افسوس""، ""آتش‌سوزی""، ""مورخ یونانی""، ""استرابو""] </keywords>",افسسیان,الکساندر,استرابو,آرتمیس,3,در متن گفته شده که مورخ یونانی استرابو بود که به نام هروستراتوس اشاره کرد و باعث شد ما امروزه از این آتش افروزی و نقش او در ویرانی معبد آگاه باشیم.,مورخ یونانی استرابو بعداً به نام آن اشاره كرده و اینگونه است كه امروزه آن را میشناسیم.,"['""هروستراتوس""، ""معبد آرتمیس""، ""افسوس""، ""آتشسوزی""، ""مورخ یونانی""، ""استرابو""']"
11,پیش از این خبرگزاری چینی شینهووا از ربوده شدن هواپیما خبر داده بود. گزارشات بعدی بیان کرد که هواپیما تهدید بمب‌گذاری داشته است و با تغییر مسیر به سمت افغانستان، در قندهار نشسته است. گزارشات اولیه بیان می‌دارد که هواپیما پس از اینکه اجازه فرود اضطراری در اورومچی به آن داده نشده به افغانستان بازگشته بود.,چه چیز در آخرین گزارش از آژانس خبری شینهووا بیان نشد؟,2,"<answer>2</answer>

<explanation>گزارش اولیه شینهووا تنها به ربوده شدن هواپیما اشاره کرده بود و هیچ اطلاعاتی درباره تهدید بمب‌گذاری، تغییر مسیر به سمت افغانستان یا فرود در قندهار ارائه نکرد.</explanation>

<highlight>پیش از این خبرگزاری چینی شینهووا از ربوده شدن هواپیما خبر داده بود.</highlight>

<keywords> ['ربوده شدن هواپیما', 'تهدید بمب‌گذاری', 'تغییر مسیر', 'افغانستان', 'قندهار', 'فرود اضطراری', 'اورومچی'] </keywords>",هواپیما یک تهدید بمب‌گذاری دریافت کرد,هواپیما در اورومچی فرود آمد,مسیر هواپیما به سمت افغانستان عوض شد,هواپیما در قندهار فرود آمد,2,گزارش اولیه شینهووا تنها به ربوده شدن هواپیما اشاره کرده بود و هیچ اطلاعاتی درباره تهدید بمبگذاری، تغییر مسیر به سمت افغانستان یا فرود در قندهار ارائه نکرد.,پیش از این خبرگزاری چینی شینهووا از ربوده شدن هواپیما خبر داده بود.,"[""'ربوده شدن هواپیما'"", ""'تهدید بمبگذاری'"", ""'تغییر مسیر'"", ""'افغانستان'"", ""'قندهار'"", ""'فرود اضطراری'"", ""'اورومچی'""]"
12,تماشای شکوفه‌های گیلاس (هانامی) از قرن هشتم بخشی از فرهنگ ژاپن بوده است. این مفهوم از چین آمده است که گل منتخبش شکوفه‌های آلو بوده است. در ژاپن، نخستین مراسم شکوفه گیلاس توسط امپراتور و تنها برای خود او و اعضای اشرافی نزدیک به دربار امپراتوری برگزار می‌شود.,چه کسانی میزبان اولین گروه‌های مختص مشاهده شکوفه‌های گیلاس بودند؟,3,"<answer>3-امپراطور ژاپن</answer>

<explanation>در متن گفته می‌شود که ""در ژاپن، نخستین مراسم شکوفه گیلاس توسط امپراتور [ژاپن] و تنها برای خود او و اعضای اشرافی نزدیک به دربار امپراتوری برگزار می‌شود."" این نشان می‌دهد که امپراتور ژاپن میزبان اولین گروه‌های مشاهده شکوفه‌های گیلاس بوده است.</explanation>

<highlight>در ژاپن، نخستین مراسم شکوفه گیلاس توسط امپراتور و تنها برای خود او و اعضای اشرافی نزدیک به دربار امپراتوری برگزار می‌شود.</highlight>

<keywords> [""ژاپن""، ""امپراطور""، ""مراسم شکوفه گیلاس""، ""میزبان""]</keywords>",امپراطور چین,اشراف ژاپنی,امپراطور ژاپن,اشراف چینی,3-امپراطور ژاپن,"در متن گفته میشود که ""در ژاپن، نخستین مراسم شکوفه گیلاس توسط امپراتور [ژاپن] و تنها برای خود او و اعضای اشرافی نزدیک به دربار امپراتوری برگزار میشود."" این نشان میدهد که امپراتور ژاپن میزبان اولین گروههای مشاهده شکوفههای گیلاس بوده است.",در ژاپن، نخستین مراسم شکوفه گیلاس توسط امپراتور و تنها برای خود او و اعضای اشرافی نزدیک به دربار امپراتوری برگزار میشود.,"['""ژاپن""، ""امپراطور""، ""مراسم شکوفه گیلاس""، ""میزبان""']"
13,برای درک تمپلارها باید زمینه ای که موجب ایجاد این نظم شده است را درک کنید. عصری که این رویدادها در آن اتفاق افتاد را عموما قرون وسطی می‌نامند، دوره‌ای از تاریخ اروپا در قرن یازدهم، دوازدهم، و سیزدهم (1000 تا 1300 پس از میلاد). قرون وسطی بالا بعد از قرون وسطی شکل گرفت و بعد از آن قرون وسطی آخری بود، که توسط کنوانسیون در حدود 1500 به پایان می رسد.,کدام دوره زمانی قبل از عصر تمپلارها بوده است؟,3,"<answer>3</answer>

<explanation>در متن گفته شده که ""قرون وسطی بالا بعد از قرون وسطی شکل گرفت"". بنابراین، قرون وسطی بالا بعد از دوره‌ای که تمپلارها در آن وجود داشتند، اتفاق افتاد.</explanation>

<highlight>قرون وسطی بالا بعد از قرون وسطی شکل گرفت</highlight>

<keywords>[""تمپلارها""، ""قرون وسطی""، ""قرون وسطی بالا""، ""قرون وسطی آخری""]</keywords>",قرون وسطی اخری,قرن 12ام,قرون وسطی بالا,قرن 13ام,3,"در متن گفته شده که ""قرون وسطی بالا بعد از قرون وسطی شکل گرفت"". بنابراین، قرون وسطی بالا بعد از دورهای که تمپلارها در آن وجود داشتند، اتفاق افتاد.",قرون وسطی بالا بعد از قرون وسطی شکل گرفت,"['""تمپلارها""، ""قرون وسطی""، ""قرون وسطی بالا""، ""قرون وسطی آخری""']"
14,قبل از رسیدن اسپانیایی‌ها در قرن 16ام، شیلی شمالی تحت حاکمیت اینکا بود درحالیکه قوم ماپوچه در شیلی مرکزی و جنوبی زندگی می‌کردند. ماپوچه همچنین یکی از آخرین گروه‌های بومی آمریکا بودند که بطور کامل در حکومت اسپانیایی‌زبان تا پس از استقلال شیلی جذب نشدند. اگرچه کشور شیلی در 1810 اعلام استقلال کرد(در بحبوحه جنگ‌های ناپلئونی که باعث شد اسپانیا چند سال بدون دولتی با عملکرد مرکزی باقی بماند)، پیروزی قطعی بر اسپانیا تا سال 1818 بدست نیامد.,مطابق متن، کدام‌یک از موارد زیر در سال 1810 رخ نداد؟,2,"<answer>2</answer>

<explanation>متن اشاره می‌کند که شیلی در سال 1810 اعلام استقلال کرد، اما پیروزی قطعی بر اسپانیا تا سال 1818 بدست نیامد. بنابراین، گزینه 2 که بیان می‌کند ""شیلی بر اسپانیا پیروز شد"" در سال 1810 رخ نداده است.</explanation>

<highlight>اگرچه کشور شیلی در 1810 اعلام استقلال کرد، پیروزی قطعی بر اسپانیا تا سال 1818 بدست نیامد.</highlight>

<keywords> ['شیلی', 'اعلام استقلال', 'پیروزی بر اسپانیا', '1810', '1818'] </keywords>",دولت مرکزی وجود نداشت,شیلی بر اسپانیا پیروز شد,جنگ‌های ناپلئونی درحال انجام بود,شیلی اعلام استقلال کرد,2,"متن اشاره میکند که شیلی در سال 1810 اعلام استقلال کرد، اما پیروزی قطعی بر اسپانیا تا سال 1818 بدست نیامد. بنابراین، گزینه 2 که بیان میکند ""شیلی بر اسپانیا پیروز شد"" در سال 1810 رخ نداده است.",اگرچه کشور شیلی در 1810 اعلام استقلال کرد، پیروزی قطعی بر اسپانیا تا سال 1818 بدست نیامد.,"[""'شیلی'"", ""'اعلام استقلال'"", ""'پیروزی بر اسپانیا'"", ""'1810'"", ""'1818'""]"
15,تیم ملی آفریقای جنوبی تیم ملی راگبی نیوزلند (All Blacks) را در یک مسابقه Tri Nations (سه ملیتی) اتحاد راگبی در ورزشگاه رویال بافوکنگ در راستنبرگ آفریقای جنوبی شکست داد. امتیاز نهایی یک پیروزی یک امتیازی، 21 بر 20 بود و به 15 برد متوالی All Blacks پایان داد. این مسابقه برای تیم اسپرینگ باکس منجر به پنجمین باخت پیاپی آن شد. این یک مسابقه نهایی برای All Blacks بود، که دو هفته پیش قهرمان این جام شده بود. هفته بعد مسابقه نهایی این سری در ورزشگاه الیس پارک در ژوهانسبورگ برگزار می‌شود و تیم ملی راگبی آفریقای جنوبی Springboks با استرالیا بازی می‌کند.,اسپرینگ باکس مسابقه بعدی خود را در کجا بازی خواهد کرد؟,3,"<answer>3</answer>

<explanation>
در متن گفته می‌شود که مسابقه بعدی سری در ژوهانسبورگ برگزار می‌شود و تیم اسپرینگ باکس در آن بازی خواهد کرد.
</explanation>

<highlight>هفته بعد مسابقه نهایی این سری در ورزشگاه الیس پارک در ژوهانسبورگ برگزار می‌شود و تیم ملی راگبی آفریقای جنوبی Springboks با استرالیا بازی می‌کند.</highlight>

<keywords> ['راگبی', 'ورزشگاه', 'آفریقای جنوبی', 'استرالیا', 'ژوهانسبورگ'] </keywords>",استرالیا,راستنبرگ,ژوهانسبورگ,نیوزلند,3,در متن گفته میشود که مسابقه بعدی سری در ژوهانسبورگ برگزار میشود و تیم اسپرینگ باکس در آن بازی خواهد کرد.,هفته بعد مسابقه نهایی این سری در ورزشگاه الیس پارک در ژوهانسبورگ برگزار میشود و تیم ملی راگبی آفریقای جنوبی Springboks با استرالیا بازی میکند.,"[""'راگبی'"", ""'ورزشگاه'"", ""'آفریقای جنوبی'"", ""'استرالیا'"", ""'ژوهانسبورگ'""]"
16,به این پدیده pH شیمیایی گفته می‌شود. می‌توانید یک شاخص با استفاده از آب کلم قرمز درست کنید. آب کلم بسته میزان اسیدی یا بازی (قلیایی) بودن ماده شیمیایی تغییر رنگ می‌دهد. سطح pH توسط مقدار یون‌های هیدروژن (H در pH) در ماده شیمیایی تست‌شده نشان داده می‌شود. یون‌های هیدروژن پروتون‌هایی هستند که الکترون از آنها گرفته شده است (زیرا اتم‌های هیدروژن فقط از یک پروتون و یک الکترون تشکیل می‌شوند).,چه چیزی از یون‌های هیدروژن حذف شد؟,4,"<answer>1</answer>

<explanation>در متن گفته می‌شود که «یون‌های هیدروژن پروتون‌هایی هستند که الکترون از آنها گرفته شده است». این نشان می‌دهد که چیزی که از یون‌های هیدروژن حذف شده، الکترون است.</explanation>

<highlight>یون‌های هیدروژن پروتون‌هایی هستند که الکترون از آنها گرفته شده است.</highlight>

<keywords> ['pH', 'شیمیایی', 'شاخص', 'آب کلم قرمز', 'اسیدی', 'بازی', 'قلیایی', 'یون‌های هیدروژن', 'پروتون', 'الکترون'] </keywords>",پروتون,pH,قلیا,الکترون‌ها,1,در متن گفته میشود که «یونهای هیدروژن پروتونهایی هستند که الکترون از آنها گرفته شده است». این نشان میدهد که چیزی که از یونهای هیدروژن حذف شده، الکترون است.,یونهای هیدروژن پروتونهایی هستند که الکترون از آنها گرفته شده است.,"[""'pH'"", ""'شیمیایی'"", ""'شاخص'"", ""'آب کلم قرمز'"", ""'اسیدی'"", ""'بازی'"", ""'قلیایی'"", ""'یونهای هیدروژن'"", ""'پروتون'"", ""'الکترون'""]"
17,«هسپرونیکوس الیزابتا» گونه‌ای از تیره «دونده‌خزندگان» است و پسرعموی ولاسیراپتور است. اعتقاد می‌رفت این پرنده شکاری تمام‌پر و خون‌گرم صاف روی دوپایش راه می‌رفته و پنجه‌هایی شبیه ولاسیراپتور داشته است. پنجه دومش بزرگتر بود که سبب نام‌گذاری «Hesperonychus» به معنی «پنجه غربی» شد.,معنای «Hesperonychus» (هسپرونیکوس) از کدام ویژگی فیزیکی این گونه گرفته شده است؟,1,"<answer>1</answer>

<explanation>نام ""هسپرونیکوس"" به معنی ""پنجه غربی"" است که اشاره به ویژگی فیزیکی متمایز این گونه، یعنی داشتن یک پنجه بزرگ در پا دارد.</explanation>

<highlight>نام «هسپرونیکوس» به معنی «پنجه غربی» است که به دلیل داشتن یک پنجه بزرگ در پاهایشان نام‌گذاری شده‌اند.</highlight>

<keywords> ['هسپرونیکوس', 'پنجه', 'غربی', 'پنجه_بزرگ'] </keywords>",پنجه(ها),بدن پوشیده از پر,پاها,منقار,1,"نام ""هسپرونیکوس"" به معنی ""پنجه غربی"" است که اشاره به ویژگی فیزیکی متمایز این گونه، یعنی داشتن یک پنجه بزرگ در پا دارد.",نام «هسپرونیکوس» به معنی «پنجه غربی» است که به دلیل داشتن یک پنجه بزرگ در پاهایشان نامگذاری شدهاند.,"[""'هسپرونیکوس'"", ""'پنجه'"", ""'غربی'"", ""'پنجه_بزرگ'""]"
18,یک پلیس سابق فیلیپینی با ربودن یک اتوبوس در مانیل، پایتخت فیلیپین، گردشگران هنگ کنگی را به گروگان گرفته است. رونالدو مندوزا با اسلحه M16 خود به گردشگران شلیک کرد. چندین تن از گروگان‌ها نجات یافته‌اند و تاکنون مرگ حداقل شش نفر تایید شده است. شش گروگان شامل كودكان و سالمندان، همینطور عكاسان فیلیپینی، در ابتدا آزاد شدند. عکاس‌ها سپس جای یک زن سالخورده که نیاز به دستشویی داشت را گرفتند. مندوزا با گلوله از پای درآورده شد.,با توجه به متن، رولاندو مندوزا چه کسی را گروگان نگرفت؟,2,"<answer>4</answer>

<explanation>متن اشاره می‌کند که رونالدو مندوزا، گردشگران هنگ کنگی را گروگان گرفته است. همچنین، در ادامه ذکر شده که چندین تن از گروگان‌ها نجات یافته‌اند و عکاسان فیلیپینی در ابتدا آزاد شدند. بنابراین، می‌توان نتیجه گرفت که مندوزا عکاسان را گروگان نگرفته است.</explanation>

<highlight>رونالدو مندوزا، گردشگران هنگ کنگی را گروگان گرفت. عکاسان فیلیپینی در ابتدا آزاد شدند.</highlight>

<keywords>[""گروگان""، ""رونالدو مندوزا""، ""گردشگران هنگ کنگی""، ""عکاسان فیلیپینی""]</keywords>",گردشگران,پلیس,کودکان,عکاسان,4,متن اشاره میکند که رونالدو مندوزا، گردشگران هنگ کنگی را گروگان گرفته است. همچنین، در ادامه ذکر شده که چندین تن از گروگانها نجات یافتهاند و عکاسان فیلیپینی در ابتدا آزاد شدند. بنابراین، میتوان نتیجه گرفت که مندوزا عکاسان را گروگان نگرفته است.,رونالدو مندوزا، گردشگران هنگ کنگی را گروگان گرفت. عکاسان فیلیپینی در ابتدا آزاد شدند.,"['""گروگان""، ""رونالدو مندوزا""، ""گردشگران هنگ کنگی""، ""عکاسان فیلیپینی""']"
19,هدف اصلی علم کشف نحوه کار جهان از طریق روش علمی است. این روش در واقع اکثر تحقیقات علمی را هدایت می‌کند. با این‌حال این مورد به تنهایی نیست، آزمایش و یک تجربه است که برای از بین بردن یک یا چند فرضیه احتمالی، پرسیدن سؤال‌ها و ایجاد مشاهدات و نیز هدایت تحقیقات علمی لازم است.,با توجه به این متن، چه چیزی به هدایت تحقیقات علمی کمک نمی‌کند؟,1,"<answer>1-روش علمی به تنهایی</answer>

<explanation>در متن گفته شده که روش علمی اکثر تحقیقات علمی را هدایت می‌کند، اما اشاره شده که این روش به تنهایی نیست که این کار را انجام می‌دهد. بنابراین، روش علمی به تنهایی کافی نیست و باید همراه با سایر مراحل مانند آزمایش، تجربه، پرسیدن سوالات، حذف فرضیه‌ها و انجام مشاهدات باشد تا بتواند به هدایت تحقیقات علمی کمک کند.</explanation>

<highlight>هدف اصلی علم کشف نحوه کار جهان از طریق روش علمی است. این روش در واقع اکثر تحقیقات علمی را هدایت می‌کند. با این‌حال این مورد به تنهایی نیست</highlight>

<keywords> [""روش علمی""، ""تحقیقات علمی""، ""آزمایش""، ""مشاهدات""، ""فرضیه""] </keywords>",روش علمی به تنهایی,انجام مشاهدات,حذف فرضیه‌های ممکن,انجام آزمایشات,1-روش علمی به تنهایی,در متن گفته شده که روش علمی اکثر تحقیقات علمی را هدایت میکند، اما اشاره شده که این روش به تنهایی نیست که این کار را انجام میدهد. بنابراین، روش علمی به تنهایی کافی نیست و باید همراه با سایر مراحل مانند آزمایش، تجربه، پرسیدن سوالات، حذف فرضیهها و انجام مشاهدات باشد تا بتواند به هدایت تحقیقات علمی کمک کند.,هدف اصلی علم کشف نحوه کار جهان از طریق روش علمی است. این روش در واقع اکثر تحقیقات علمی را هدایت میکند. با اینحال این مورد به تنهایی نیست,"['""روش علمی""، ""تحقیقات علمی""، ""آزمایش""، ""مشاهدات""، ""فرضیه""']"
20,وقتی با کسی تماس می‌گیرید که هزاران مایل با شما فاصله دارد، دارید از ماهواره استفاده می‌کنید. ماهواره در فضا تماس را دریافت می‌کند و آن را تقریباً به‌صورت آنی به پایین منعکس می‌کند. این ماهواره توسط یک موشک به فضا فرستاده شد. دانشمندان از تلسکوپ‌ها در فضا استفاده می‌کنند زیرا جو زمین برخی از نورها و تصاویر را تحریف می‌کند. برای قرار دادن یک ماهواره یا تلسکوپ در فضا نیاز به موشکی بزرگ با ارتفاع بیش از 100 پا می‌باشد.,کدام مورد نشانگر انعکاس تماس‌ از راه دور به پایین در زمین است؟,2,"<answer>2</answer>

<explanation>در متن گفته شده که ماهواره‌ها تماس‌های تلفنی را دریافت می‌کنند و آنها را تقریباً به‌صورت آنی به زمین منعکس می‌کنند. بنابراین، ماهواره‌ها نشان‌دهنده انعکاس تماس‌های تلفنی از راه دور به پایین در زمین هستند.</explanation>

<highlight>وقتی با کسی تماس می‌گیرید که هزاران مایل با شما فاصله دارد، دارید از ماهواره استفاده می‌کنید. ماهواره در فضا تماس را دریافت می‌کند و آن را تقریباً به‌صورت آنی به پایین منعکس می‌کند.</highlight>

<keywords> ['تماس تلفنی', 'فاصله', 'ماهواره', 'فضا', 'انعکاس', 'موشک', 'تلسکوپ', 'جو زمین', 'نور', 'تصویر'] </keywords>",تلسکوپ‌ها,ماهواره‌ها ,چراغ‌ها,موشک‌ها,2,در متن گفته شده که ماهوارهها تماسهای تلفنی را دریافت میکنند و آنها را تقریباً بهصورت آنی به زمین منعکس میکنند. بنابراین، ماهوارهها نشاندهنده انعکاس تماسهای تلفنی از راه دور به پایین در زمین هستند.,وقتی با کسی تماس میگیرید که هزاران مایل با شما فاصله دارد، دارید از ماهواره استفاده میکنید. ماهواره در فضا تماس را دریافت میکند و آن را تقریباً بهصورت آنی به پایین منعکس میکند.,"[""'تماس تلفنی'"", ""'فاصله'"", ""'ماهواره'"", ""'فضا'"", ""'انعکاس'"", ""'موشک'"", ""'تلسکوپ'"", ""'جو زمین'"", ""'نور'"", ""'تصویر'""]"
21,اکثر معابد یک جشنواره سالانه دارند که از آخر ماه نوامبر تا وسط ماه مه ادامه دارد و طبق تقویم سالانه هر معبد متفاوت است. اکثر جشنواره‌های معبد به‌عنوان بخشی از جشن سالگرد معبد یا زادروز خدای حاکم یا هر رویداد مهم مرتبط با معبد برگزار می‌شود. جشنواره‌های معبد کرالا با داشتن موکب‌های منظم از فیل‌های مزین، ارکستر معبد و دیگر مراسم، رویدادی بسیار دیدنی هستند.,کدام رویداد مرتبط با جشن گرفتن جشنواره‌های معبد نیست؟,1,"<answer>1</answer>

<explanation>جشنواره‌های معبد معمولاً با رویدادهایی مانند جشن سالگرد معبد، تولد خدایان یا سایر رویدادهای مهم مرتبط هستند. هیچ اشاره‌ای به تولد فیل‌ها به عنوان بخشی از این جشن‌ها نشده است.</explanation>

<highlight>جشنواره‌های معبد کرالا با داشتن موکب‌های منظم از فیل‌های مزین، ارکستر معبد و دیگر مراسم، رویدادی بسیار دیدنی هستند.</highlight>

<keywords> [""جشنواره سالانه""، ""معبد""، ""جشن سالگرد""، ""زادروز خدایان""، ""فیل‌های مزین""، ""ارکستر معبد""]</keywords>",تولد فیل,سالگرد معبد,زادروز خدای حاکم,رویدادهای مهم مربوط به معبد,1,جشنوارههای معبد معمولاً با رویدادهایی مانند جشن سالگرد معبد، تولد خدایان یا سایر رویدادهای مهم مرتبط هستند. هیچ اشارهای به تولد فیلها به عنوان بخشی از این جشنها نشده است.,جشنوارههای معبد کرالا با داشتن موکبهای منظم از فیلهای مزین، ارکستر معبد و دیگر مراسم، رویدادی بسیار دیدنی هستند.,"['""جشنواره سالانه""، ""معبد""، ""جشن سالگرد""، ""زادروز خدایان""، ""فیلهای مزین""، ""ارکستر معبد""']"
22,آنفولانزای مرغی، یا به‌اصطلاح رسمی‌تر آن آنفولانزای پرندگان، می‌تواند سبب ابتلای پرندگان و نیز پستانداران شود. تاکنون کمتر از هزار مورد در انسان گزارش شده است، اما برخی از آنها کشنده بوده است. بیشتر آنها افرادی را درگیر کرده‌اند که با مرغداری کار می‌کنند، اما خطراتی برای پرنده‌نگری نیز وجود دارد.,مطابق با متن، کدام‌یک از عبارت‌های زیر آنفولانزای پرندگان را به‌طور دقیق توصیف می‌کند؟,3,"<answer>3</answer>

<explanation>در متن گفته شده که آنفولانزای پرندگان می‌تواند هم پرندگان و هم پستانداران را مبتلا کند. همچنین، اشاره شده که این بیماری کمتر از هزار بار در انسان‌ها گزارش شده، اما برخی از این موارد کشنده بوده است. آن دسته از افرادی که بیشتر در معرض خطر بوده‌اند، کسانی هستند که در مرغداری کار می‌کنند، اما همچنین به این نکته اشاره شده که پرنده‌نگری نیز ممکن است خطراتی داشته باشد. بنابراین، گزینه سوم به درستی نشان می‌دهد که تماشاکنندگان پرندگان (پرنده‌نگرها) در معرض خطر ابتلا به این بیماری قرار دارند.</explanation>

<highlight>آنفولانزای پرندگان می‌تواند هم پرندگان و هم پستانداران را مبتلا کند. ... بیشتر آنها افرادی را درگیر کرده که با مرغداری کار می‌کنند، اما خطراتی برای پرنده‌نگری نیز وجود دارد.</highlight>

<keywords> [""آنفولانزای پرندگان""، ""پرندگان""، ""پستانداران""، ""انسان""، ""مرگبار""، ""کارکنان مرغداری""، ""پرنده‌نگری""]</keywords>",فقط کارکنان مرغداری به آنفولانزا مبتلا شده‌اند,موارد بیشتری در انسان‌ها نسبت به پرنده‌ها گزارش شده است,تماشاکنندگان پرندگان در خطر مبتلا شدن هستند,تمام موارد گزارش شده در انسان‌ها مرگبار بوده است,3,در متن گفته شده که آنفولانزای پرندگان میتواند هم پرندگان و هم پستانداران را مبتلا کند. همچنین، اشاره شده که این بیماری کمتر از هزار بار در انسانها گزارش شده، اما برخی از این موارد کشنده بوده است. آن دسته از افرادی که بیشتر در معرض خطر بودهاند، کسانی هستند که در مرغداری کار میکنند، اما همچنین به این نکته اشاره شده که پرندهنگری نیز ممکن است خطراتی داشته باشد. بنابراین، گزینه سوم به درستی نشان میدهد که تماشاکنندگان پرندگان (پرندهنگرها) در معرض خطر ابتلا به این بیماری قرار دارند.,آنفولانزای پرندگان میتواند هم پرندگان و هم پستانداران را مبتلا کند. ... بیشتر آنها افرادی را درگیر کرده که با مرغداری کار میکنند، اما خطراتی برای پرندهنگری نیز وجود دارد.,"['""آنفولانزای پرندگان""، ""پرندگان""، ""پستانداران""، ""انسان""، ""مرگبار""، ""کارکنان مرغداری""، ""پرندهنگری""']"
23,در طی سه دهه آخر، علیرغم اینکه چین رسماً دولت کمونیستی مانده است، نوعی اقتصاد بازار را توسعه داده است. اولین اصلاحات اقتصادی تحت رهبری «دنگ شیائوپینگ» صورت گرفت. از آن زمان به بعد، اقتصاد چین 90 برابر شده است. سال گذشته چین برای اولین بار خودروهای بیشتری از آلمان صادر کرد و ایالات متحده که بزرگترین بازار این صنعت را دارد را مغلوب کرد. تولید ناخالص داخلی چین توانست طی دو دهه از ایالات متحده بالاتر شود.,با توجه به متن، کدام یک از عبارات زیر به درستی نشانگر اقتصاد چین نیست؟,4,"<answer>4</answer>

<explanation>متن می‌گوید که چین برای اولین بار خودروهای بیشتری نسبت به آلمان صادر کرد، بنابراین گزینه چهارم که ادعا می‌کند چین هرگز بیشتر از آلمان خودرو صادر نکرده است، نادرست است و به درستی اقتصاد چین را نشان نمی‌دهد.</explanation>

<highlight>سال گذشته چین برای اولین بار خودروهای بیشتری از آلمان صادر کرد</highlight>

<keywords> [""چین""، ""اقتصاد""، ""صادرات خودرو""، ""آلمان""، ""بازار""] </keywords>",اقتصاد چین از زمان انجام اصلاحات به طور تصاعدی رشد کرده است,چین بازار بزرگتری برای صادرات خودرو نسبت به ایالات متحده دارد,چین در نهایت توانست GDP بزرگتری نسبت به ایالات متحده داشته باشد,چین هرگز بیشتر از آلمان خودرو صادر نکرده است,4,متن میگوید که چین برای اولین بار خودروهای بیشتری نسبت به آلمان صادر کرد، بنابراین گزینه چهارم که ادعا میکند چین هرگز بیشتر از آلمان خودرو صادر نکرده است، نادرست است و به درستی اقتصاد چین را نشان نمیدهد.,سال گذشته چین برای اولین بار خودروهای بیشتری از آلمان صادر کرد,"['""چین""، ""اقتصاد""، ""صادرات خودرو""، ""آلمان""، ""بازار""']"
24,سپاه مهندسی ارتش ایالات متحده تخمین زده که 6 اینچ باران می‌تواند از آب‌بندهای از قبل‌آسیب‌دیده نفوذ کند. بخش «ناینت وارد» (Ninth Ward) که در زمان توفان کاترینا شاهد سیل به بلندی 20 فوت بود اکنون با سر ریز شدن آببند اطراف تا کمر در آب فرو رفته است. در قسمتی به عرض 100 فوت، آب در حال ریختن به داخل خاکریز است.,در طول طوفان کاترینا، در Ninth Ward چه اتفاقی رخ داد؟,3,"<answer>3</answer>

<explanation>در متن گفته شده که در زمان توفان کاترینا، بخش «ناینت وارد» شاهد سیل به بلندی 20 فوت بوده است.</explanation>

<highlight>در زمان توفان کاترینا، بخش «ناینت وارد» شاهد سیل به بلندی 20 فوت بود.</highlight>

<keywords> ['سپاه مهندسی ارتش', 'ایالات متحده', 'باران', 'آب‌بند', 'ناینت وارد', 'توفان کاترینا', 'سیل', 'آب'] </keywords>",آب سیل 100 فوت عرض داشت,آب با ارتفاع تا کمر از روی آب‌بند گذشت,آب‌های سیل 20 فوت ارتفاع داشت,6 اینچ بارندگی از آب‌بند آسیب‌دیده نفوذ کرد,3,در متن گفته شده که در زمان توفان کاترینا، بخش «ناینت وارد» شاهد سیل به بلندی 20 فوت بوده است.,در زمان توفان کاترینا، بخش «ناینت وارد» شاهد سیل به بلندی 20 فوت بود.,"[""'سپاه مهندسی ارتش'"", ""'ایالات متحده'"", ""'باران'"", ""'آببند'"", ""'ناینت وارد'"", ""'توفان کاترینا'"", ""'سیل'"", ""'آب'""]"
25,پس از وقوع تصادف، «گیبسون» به بیمارستان منتقل شد ولی کمی پس از آن درگذشت. راننده کامیونی که 64 سال سن دارد در تصادف زخمی نشد. خود خودرو تقریباً‌ ساعت 1200 گرینویچ همان روز از صحنه تصادف برده شد. شخصی که در یک گاراژ نزدیک محل وقوع تصادف کار می‌کرد گفت: «کودکان منتظر بودند که از جاده عبور کنند و همگی جیغ می‌زدند و گریه می‌کردند.» آنها همگی از محلی که حادثه رخ داده بود با دویدن به عقب رفتند.,چه کسی در تصادف صدمه دید؟,1,"<answer>1</answer>

<explanation>در متن گفته شده که «گیبسون» پس از تصادف به بیمارستان منتقل شد اما کمی بعد درگذشت. بنابراین، می‌توان نتیجه گرفت که او در تصادف آسیب دیده بود.</explanation>

<highlight>«گیبسون» پس از وقوع تصادف به بیمارستان منتقل شد ولی کمی پس از آن درگذشت.</highlight>

<keywords> ['تصادف', 'گیبسون', 'بیمارستان', 'درگذشت', 'راننده کامیون', 'خودرو', 'کودکان', 'گاراژ'] </keywords>",«گیبسون»,کارگر گاراژ,کودکان,راننده کامیون,1,در متن گفته شده که «گیبسون» پس از تصادف به بیمارستان منتقل شد اما کمی بعد درگذشت. بنابراین، میتوان نتیجه گرفت که او در تصادف آسیب دیده بود.,«گیبسون» پس از وقوع تصادف به بیمارستان منتقل شد ولی کمی پس از آن درگذشت.,"[""'تصادف'"", ""'گیبسون'"", ""'بیمارستان'"", ""'درگذشت'"", ""'راننده کامیون'"", ""'خودرو'"", ""'کودکان'"", ""'گاراژ'""]"
26,الگوهای فکری همگرا روش‌هایی از حل مسئله هستند که ایده‌ها یا رشته‌های متفاوت را برای حل یک مسئله ادغام می‌کنند. تمرکز این طرز فکر بر روی سرعت، منطق و دقت است، همچنین شناسایی حقایق، استفاده مجدد از تکنیک های موجود، جمع آوری اطلاعات. مهمترین فاکتور این نگرش فکری این است که فقط یک پاسخ صحیح وجود دارد. فقط به دو پاسخ فکر می‌کنید، یعنی درست یا غلط. این نوع تفکر وابسته به بعضی رویه‌های علمی یا استاندارد است. افرادی با این نوع تفکر دارای تفکر منطقی هستند و قادرند الگوها را بخاطر بسپارند، مسائل را حل کنند و روی تست‌های علمی کار کنند.,با توجه به متن، کدام یک تمرکز الگوهای فکری همگرا در نظر گرفته نمی‌شود؟,2,"<answer>1</answer>

<explanation>در متن ذکر شده که تمرکز الگوهای فکری همگرا بر روی سرعت، منطق و دقت است. همچنین شناسایی حقایق، استفاده مجدد از تکنیک‌های موجود و جمع‌آوری اطلاعات از دیگر اهداف این نوع تفکر است. اما در متن اشاره نشده که «درک اینکه تنها یک پاسخ صحیح وجود دارد» یکی از تمرکزهای این الگوی فکری است. در واقع، این یک نتیجه یا نتیجه‌گیری از این نوع تفکر است که تنها یک پاسخ صحیح برای یک مسئله وجود دارد و پاسخ‌ها فقط می‌توانند درست یا غلط باشند.</explanation>

<highlight>تمرکز این طرز فکر بر روی سرعت، منطق و دقت است، همچنین شناسایی حقایق، استفاده مجدد از تکنیک‌های موجود و جمع‌آوری اطلاعات.</highlight>

<keywords>['الگوهای فکری همگرا', 'حل مسئله', 'ادغام ایده‌ها', 'سرعت', 'منطق', 'دقت', 'شناسایی حقایق', 'استفاده مجدد از تکنیک‌ها', 'جمع‌آوری اطلاعات', 'یک پاسخ صحیح', 'درست یا غلط', 'تست‌های علمی', 'تفکر منطقی']</keywords>",درک اینکه تنها یک پاسخ صحیح وجود دارد,وقت گذاشتن,شناسایی حقایق,جمع‌آوری اطلاعات,1,در متن ذکر شده که تمرکز الگوهای فکری همگرا بر روی سرعت، منطق و دقت است. همچنین شناسایی حقایق، استفاده مجدد از تکنیکهای موجود و جمعآوری اطلاعات از دیگر اهداف این نوع تفکر است. اما در متن اشاره نشده که «درک اینکه تنها یک پاسخ صحیح وجود دارد» یکی از تمرکزهای این الگوی فکری است. در واقع، این یک نتیجه یا نتیجهگیری از این نوع تفکر است که تنها یک پاسخ صحیح برای یک مسئله وجود دارد و پاسخها فقط میتوانند درست یا غلط باشند.,تمرکز این طرز فکر بر روی سرعت، منطق و دقت است، همچنین شناسایی حقایق، استفاده مجدد از تکنیکهای موجود و جمعآوری اطلاعات.,"[""'الگوهای فکری همگرا'"", ""'حل مسئله'"", ""'ادغام ایدهها'"", ""'سرعت'"", ""'منطق'"", ""'دقت'"", ""'شناسایی حقایق'"", ""'استفاده مجدد از تکنیکها'"", ""'جمعآوری اطلاعات'"", ""'یک پاسخ صحیح'"", ""'درست یا غلط'"", ""'تستهای علمی'"", ""'تفکر منطقی'""]"
27,شرکت‌های رسانه‌ای مرتب درباره هدف آن دروغ می‌گویند و ادعا می‌کنند که این کار برای «جلوگیری از دزدی دریایی» است. در حقیقت کدهای منطقه‌ای مطلقاً تأثیری بر کپی غیرقانونی ندارد؛ کپی بیت به بیت یک دیسک به خوبی روی دستگاه پخش‌کننده اورجینال پخش خواهد شد. هدف واقعی کنترل بیشتر آن شرکت‌ها بر بازارهایشان می‌باشد؛ همه‌اش بخاطر پول بیشتر درآوردن است.,مطابق با متن، کدهای منطقه‌ای درواقع به چه چیز کمک می‌کنند؟,2,"<answer>2</answer>

<explanation>در متن گفته می‌شود که هدف واقعی از استفاده از کدهای منطقه‌ای، کنترل بیشتر شرکت‌های رسانه‌ای بر بازار خود است. این کار به آنها کمک می‌کند که پول بیشتری به دست آورند.</explanation>

<highlight>شرکت‌های رسانه‌ای ادعا می‌کنند که استفاده از کدهای منطقه‌ای برای «جلوگیری از دزدی دریایی» است. اما در حقیقت، هدف واقعی آنها کنترل بیشتر بر بازار و کسب درآمد بیشتر است.</highlight>

<keywords> [""کدهای منطقه‌ای""، ""کنترل بازار""، ""پول بیشتر""، ""شرکت‌های رسانه‌ای""] </keywords>",کپی کردن دیسک,کنترل بازار,جلوگیری از نشر غیرمجاز,کپی‌برداری غیرقانونی,2,در متن گفته میشود که هدف واقعی از استفاده از کدهای منطقهای، کنترل بیشتر شرکتهای رسانهای بر بازار خود است. این کار به آنها کمک میکند که پول بیشتری به دست آورند.,شرکتهای رسانهای ادعا میکنند که استفاده از کدهای منطقهای برای «جلوگیری از دزدی دریایی» است. اما در حقیقت، هدف واقعی آنها کنترل بیشتر بر بازار و کسب درآمد بیشتر است.,"['""کدهای منطقهای""، ""کنترل بازار""، ""پول بیشتر""، ""شرکتهای رسانهای""']"
28,سفر با هواپیما می‌تواند برای افراد از تمام سنین و پیش‌زمینه‌ها تجربه‌ای ترسناک باشد، بویژه اگر قبلاً‌ پرواز نکرده باشند یا سانحه دلخراشی را تجربه کرده باشند. این چیزی نیست که از آن شرمنده باشی: این متفاوت از ترس شخصی و نفرت از چیزهای دیگر که در بسیاری از افراد وجود دارد، نیست. برای برخی،‌ فهم چگونگی کار کردن هواپیما و اتفاقاتی که طی پرواز رخ می‌دهد شاید بتواند به غلبه بر ترسی کمک کند که ناشی از دنیای ناشناخته‌ها و عدم داشتن کنترل است.,تحت چه شرایطی احتمالاً دانستن نحوه کارکرد داخلی هواپیما برای مسافر مضطرب آن مفید خواهد بود؟,2,"<answer>2</answer>

<explanation>در متن گفته می‌شود که دانستن چگونگی کار کردن هواپیما می‌تواند به افرادی که از پرواز می‌ترسند کمک کند، چرا که این ترس معمولاً ناشی از ناشناخته بودن و عدم کنترل است. بنابراین، اگر نفرت مسافر از پرواز ناشی از ترس از ناشناخته‌ها و عدم کنترل باشد، دانستن نحوه کارکرد داخلی هواپیما می‌تواند به کاهش اضطراب او کمک کند.</explanation>

<highlight>سفر با هواپیما می‌تواند برای افرادی که قبلاً پرواز نکرده‌اند یا سانحه‌ای را تجربه کرده‌اند، ترسناک باشد. این ترس متفاوت از ترس شخصی و نفرت از چیزهای دیگر نیست. فهمیدن چگونگی کار کردن هواپیما و اتفاقاتی که طی پرواز رخ می‌دهد می‌تواند به کاهش ترس ناشی از دنیای ناشناخته‌ها و عدم کنترل کمک کند.</highlight>

<keywords> [""سفر با هواپیما""، ""ترس""، ""ناشناخته‌ها""، ""عدم کنترل""، ""چگونگی کار کردن هواپیما""]</keywords>",اگر مسافر از ترس خود خجالت‌زده باشد,اگر نفرت او از پرواز ناشی از ترس از ناشناخته‌ها باشد,اگر مسافر مخالف هر نوع وسیله نقلیه باشد,اگر ریشه اضطراب او از رخدادهای ترومای نامربوط به پرواز باشد,2,در متن گفته میشود که دانستن چگونگی کار کردن هواپیما میتواند به افرادی که از پرواز میترسند کمک کند، چرا که این ترس معمولاً ناشی از ناشناخته بودن و عدم کنترل است. بنابراین، اگر نفرت مسافر از پرواز ناشی از ترس از ناشناختهها و عدم کنترل باشد، دانستن نحوه کارکرد داخلی هواپیما میتواند به کاهش اضطراب او کمک کند.,سفر با هواپیما میتواند برای افرادی که قبلاً پرواز نکردهاند یا سانحهای را تجربه کردهاند، ترسناک باشد. این ترس متفاوت از ترس شخصی و نفرت از چیزهای دیگر نیست. فهمیدن چگونگی کار کردن هواپیما و اتفاقاتی که طی پرواز رخ میدهد میتواند به کاهش ترس ناشی از دنیای ناشناختهها و عدم کنترل کمک کند.,"['""سفر با هواپیما""، ""ترس""، ""ناشناختهها""، ""عدم کنترل""، ""چگونگی کار کردن هواپیما""']"
29,بازیکن منتخب امروز، الکس اوچکین از Washington Capitals است. او در برد 5-3 واشینگتن مقابل «آتلانتا تراشرز» 2 گل زد و 2 پاس گل داد. پاس گل اوچکین در آن شب موجب گل پیروزی‌ بخشی شد که توسط نیکلاس بکستروم تازه‌کار زده شد. دومین گل آن شب او شصتمین گل فصلش بود، و بدین ترتیب اولین بازیکنی شد که بعد از سال 96-1995، زمانی که جارومیر جاگر و ماریو لمیوکس هرکدام به آن رکورد دست یافتند، حداقل 60 گل در یک فصل به ثمر رسانده است.,چه کسی گل شصتم فصل را در طول بازی Capitals درمقابل تراشرز به ثمر رساند؟,3,"<answer>3</answer>

<explanation>در متن گفته شده که «الکس اوچکین» در آن بازی دو گل زد که «دومین گل» او شصتمین گل فصلش بود.</explanation>

<highlight>دومین گل آن شب او شصتمین گل فصلش بود</highlight>

<keywords>[""الکس اوچکین""، ""گل""، ""شصتمین""]</keywords>",ماریو لمیوکس,جارومیر جاگر,الکس اوچکین,نیکلاس بکستروم,3,در متن گفته شده که «الکس اوچکین» در آن بازی دو گل زد که «دومین گل» او شصتمین گل فصلش بود.,دومین گل آن شب او شصتمین گل فصلش بود,"['""الکس اوچکین""، ""گل""، ""شصتمین""']"
30,تقریباً از همان ابتدا شرایط برای ایتالیایی‌ها در شمال آفریقا خوب پیش نرفت. در یک هفته‌ای که از اعلام جنگ ایتالیا در 10 ژوئن 1940 اعلام شد، نیروهای 11th Hussars بریتانیا موق شدند Fort Capuzzo را در لیبی تصرف کنند. در کمین شرق بردیا، انگلیسی‌ها مهندس ارشد ارتش دهم ایتالیا، ژنرال لاستوچی را به اسارت گرفتند. در 28 ژوئن، مارشال ایتالو بالبو، حاکم کل لیبی و وارث ظاهری موسولینی، هنگام فرود در طبرق با آتش خودی کشته شد.,چه اتفاقی برای مهندس ارشد ارتش دهم ایتالیا افتاد؟,3,"<answer>3</answer>

<explanation>در متن گفته شده که انگلیسی‌ها مهندس ارشد ارتش دهم ایتالیا را به اسارت گرفتند. همچنین اشاره شده که این اتفاق در کمینی شرق بردیا افتاده است. با توجه به این اطلاعات، پاسخ صحیح گزینه 3 است که بیان می‌کند او توسط بریتانیایی‌ها به اسارت گرفته شد.</explanation>

<highlight>در کمین شرق بردیا، انگلیسی‌ها مهندس ارشد ارتش دهم ایتالیا، ژنرال لاستوچی را به اسارت گرفتند.</highlight>

<keywords>['ایتالیا', 'جنگ', 'لیبی', 'بریتانیا', 'به اسارت گرفتن', 'ارتش', 'کمین']</keywords>",در Fort Capuzzo به اسارت گرفته شد,در طبرق کشته شد,توسط بریتانیایی‌ها به اسارت گرفته شد,با آتش خودی کشته شد,3,در متن گفته شده که انگلیسیها مهندس ارشد ارتش دهم ایتالیا را به اسارت گرفتند. همچنین اشاره شده که این اتفاق در کمینی شرق بردیا افتاده است. با توجه به این اطلاعات، پاسخ صحیح گزینه 3 است که بیان میکند او توسط بریتانیاییها به اسارت گرفته شد.,در کمین شرق بردیا، انگلیسیها مهندس ارشد ارتش دهم ایتالیا، ژنرال لاستوچی را به اسارت گرفتند.,"[""'ایتالیا'"", ""'جنگ'"", ""'لیبی'"", ""'بریتانیا'"", ""'به اسارت گرفتن'"", ""'ارتش'"", ""'کمین'""]"
31,کازینوها معمولاً تلاش فراوان می‌کنند تا زمان و پولی که مهمان‌ها صرف می‌کنند به حداکثر برسد. پنجره‌ و ساعت معمولاً وجود ندارد و راه خروجی‌ها به سختی یافت می‌شود. آنها معمولاً غذا، نوشیدنی و سرگرمی ویژه‌ای ارائه می‌دهند تا مهمان‌ها سرحال باشند و در محل بمانند. برخی سالن‌ها مشروبات الکلی ارائه می دهند. با این حال، مستی قضاوت را مختل می کند، و همه قماربازان خوب اهمیت هوشیار بودن را می دانند.,مطابق با متن، قمارباز هوشمند از چه چیز باید اجتناب کند؟,1,"<answer>1</answer>

<explanation>متن اشاره می‌کند که مستی قضاوت را مختل می‌کند و قماربازان خوب اهمیت هوشیاری را می‌دانند. بنابراین، یک قمارباز هوشمند باید از نوشیدن الکل زیاد خودداری کند تا هوشیاری خود را حفظ کند و قضاوت بهتری داشته باشد.</explanation>

<highlight>مستی قضاوت را مختل می‌کند و همه قماربازان خوب اهمیت هوشیار بودن را می‌دانند.</highlight>

<keywords> ['کازینو', 'مستی', 'قضاوت', 'هوشیاری', 'قمارباز'] </keywords>",نوشیدن الکل زیاد,قبول هر مشوقی,بررسی ساعت,پرسیدن درباره نزدیکترین خروجی,1,متن اشاره میکند که مستی قضاوت را مختل میکند و قماربازان خوب اهمیت هوشیاری را میدانند. بنابراین، یک قمارباز هوشمند باید از نوشیدن الکل زیاد خودداری کند تا هوشیاری خود را حفظ کند و قضاوت بهتری داشته باشد.,مستی قضاوت را مختل میکند و همه قماربازان خوب اهمیت هوشیار بودن را میدانند.,"[""'کازینو'"", ""'مستی'"", ""'قضاوت'"", ""'هوشیاری'"", ""'قمارباز'""]"
32,ACMA همچنین نتیجه گرفت که علیرغم اینکه این ویدئو در اینترنت پخش شده است ولی Big Brother از قوانین سانسور محتوای آنلاین تخطی نکرده است، زیرا این رسانه‌ها در وب‌سایت Big Brother ذخیره نشده بودند. قانون خدمات پخش مقررات محتوای اینترنتی را مشخص می‌کند، اما وقتی محتوایی جزء محتوای اینترنتی محسوب می‌شود که به‌شکل فیزیکی روی یک سرور مستقر باشد.,یافته‌های ACMA در رابطه با Big Brother چه بود؟,1,"<answer>1</answer>

<explanation>ACMA نتیجه گرفت که Big Brother قوانین سانسور محتوا را نقض نکرده است، زیرا رسانه‌های مورد بحث در وب‌سایت آنها ذخیره نشده بودند. قانون خدمات پخش، مقررات مربوط به محتوای اینترنتی را پوشش می‌دهد، اما این قوانین فقط زمانی اعمال می‌شوند که محتوا به‌صورت فیزیکی روی یک سرور قرار داشته باشد.</explanation>

<highlight>ACMA نتیجه گرفت که Big Brother قوانین سانسور محتوا را نقض نکرده است، زیرا رسانه‌ها در وب‌سایت آنها ذخیره نشده بودند.</highlight>

<keywords> ['ACMA'، 'قوانین سانسور'، 'محتوای آنلاین'، 'وب‌سایت Big Brother'، 'قانون خدمات پخش'، 'محتوای اینترنتی'، 'سرور فیزیکی']</keywords>",قوانین سانسور نقض نشده بود,مشخص شد که رسانه در وب‌سایت Big Brother ذخیره شده است,قوانین سانسور نقض شده بود,مشخص شد که محتوا به صورت فیزیکی در یک سرور قرار گرفته است,1,ACMA نتیجه گرفت که Big Brother قوانین سانسور محتوا را نقض نکرده است، زیرا رسانههای مورد بحث در وبسایت آنها ذخیره نشده بودند. قانون خدمات پخش، مقررات مربوط به محتوای اینترنتی را پوشش میدهد، اما این قوانین فقط زمانی اعمال میشوند که محتوا بهصورت فیزیکی روی یک سرور قرار داشته باشد.,ACMA نتیجه گرفت که Big Brother قوانین سانسور محتوا را نقض نکرده است، زیرا رسانهها در وبسایت آنها ذخیره نشده بودند.,"[""'ACMA'، 'قوانین سانسور'، 'محتوای آنلاین'، 'وبسایت Big Brother'، 'قانون خدمات پخش'، 'محتوای اینترنتی'، 'سرور فیزیکی'""]"
33,در جلسه ارائه راهبردی نمایشگاه بازی‌های توکیو در روز پنجشنبه، رئیس شرکت نینتندو آقای «ساترو ایواتا» از طراحی دسته کنسول «Nintendo Revolution» که کنسول جدید این شرکت است رونمایی کرد. این کنترلر شبیه به ریموت کنترل تلویزیون است و از دو سنسور که در نزدیکی تلویزیون کاربر قرار داده شده و علم مثلثات برای تعیین موقعیت خود در فضای سه بعدی استفاده می‌کند. این به بازیکنان امکان خواهد داد تا اقدامات و حرکت‌ها را در بازی‌های ویدئویی توسط حرکت دستگاه در هوا کنترل کنند.,بازیکن به چه چیزی نیاز خواهد داشت تا حرکات را درطول یک بازی ویدئویی کنترل کند؟,4,"<answer>4</answer>

<explanation>در متن گفته شده که دسته جدید کنسول Nintendo Revolution به بازیکنان امکان می‌دهد تا «اقدامات و حرکت‌ها را در بازی‌های ویدئویی توسط حرکت دستگاه در هوا کنترل کنند». بنابراین، بازیکن برای کنترل حرکات در بازی ویدئویی باید «کنترلر را در هوا حرکت دهد».</explanation>

<highlight>«این به بازیکنان امکان خواهد داد تا اقدامات و حرکت‌ها را در بازی‌های ویدئویی توسط حرکت دستگاه در هوا کنترل کنند»</highlight>

<keywords> [""دسته""، ""کنترلر""، ""سنسور""، ""تلویزیون""، ""فضای سه بعدی""، ""حرکت در هوا""، ""کنترل بازی""]</keywords>",اطمینان از اینکه سنسورهای کنترلر نزدیک کنسول قرار گیرند,مثلثی کردن موقعیت آنها,قرار دادن سنسورها نزدیک تلویزیون,حرکت دادن کنترلر در هوا,4,در متن گفته شده که دسته جدید کنسول Nintendo Revolution به بازیکنان امکان میدهد تا «اقدامات و حرکتها را در بازیهای ویدئویی توسط حرکت دستگاه در هوا کنترل کنند». بنابراین، بازیکن برای کنترل حرکات در بازی ویدئویی باید «کنترلر را در هوا حرکت دهد».,«این به بازیکنان امکان خواهد داد تا اقدامات و حرکتها را در بازیهای ویدئویی توسط حرکت دستگاه در هوا کنترل کنند»,"['""دسته""، ""کنترلر""، ""سنسور""، ""تلویزیون""، ""فضای سه بعدی""، ""حرکت در هوا""، ""کنترل بازی""']"
34,او به همراه آن مقامات به شهروندان تگزاس اطمینان خاطر داد که اقداماتی برای حفاظت از ایمنی عمومی در حال انجام است. «پری» بویژه بیان کرد: «کمتر مکانی در دنیا مجهزتر از اینجا وجود دارد که برای مقابله با این مورد چالش‌انگیز آمادگی داشته باشد.» فرماندار همچنین اظهار داشت: «امروز دریافتیم که برخی از کودکان مدرسه‌ای شناسایی شده‌اند که با بیمار تماس داشته‌اند.» وی در ادامه گفت: «این پرونده جدی است. مطمئن باشید سیستم ما آنطور که باید کار می‌کند.»,مطابق با متن، فرماندار هنگام سخنرانی برای شهروندان تگزاس چه تضمینی نداد؟,4,"<answer>1</answer>

<explanation>فرماندار تگزاس به شهروندان اطمینان داد که اقداماتی برای محافظت از ایمنی عمومی در حال انجام است و سیستم آنها به خوبی کار می‌کند. او گفت: «این پرونده جدی است. مطمئن باشید سیستم ما آنطور که باید کار می‌کند.» این نشان می‌دهد که او تضمین می‌کند سیستم به خوبی کار می‌کند و این پرونده را جدی می‌گیرند.</explanation>

<highlight>«این پرونده جدی است. مطمئن باشید سیستم ما آنطور که باید کار می‌کند.»</highlight>

<keywords>[""تضمین"", ""ایمنی عمومی"", ""سیستم"", ""پرونده"", ""جدی""]</keywords>",سیستم به‌خوبی کار می‌کند,کارهایی برای حفاظت از ایمنی عموم درحال انجام است,آنها ابزار لازم را برای رویارویی با این چالش دارند,این پرونده جدی نیست,1,فرماندار تگزاس به شهروندان اطمینان داد که اقداماتی برای محافظت از ایمنی عمومی در حال انجام است و سیستم آنها به خوبی کار میکند. او گفت: «این پرونده جدی است. مطمئن باشید سیستم ما آنطور که باید کار میکند.» این نشان میدهد که او تضمین میکند سیستم به خوبی کار میکند و این پرونده را جدی میگیرند.,«این پرونده جدی است. مطمئن باشید سیستم ما آنطور که باید کار میکند.»,"['""تضمین""', '""ایمنی عمومی""', '""سیستم""', '""پرونده""', '""جدی""']"
35,بدلیل قرار گرفتن اوکلند بین دو بندرگاه، ساحل‌های بسیاری وجود دارند. محبوب‌ترین آنها در سه ناحیه قرار دارند. سواحل نورث شور (در منطقه نورث هاربر) در اقیانوس آرام است و از لانگ بی در شمال تا دونپورت در جنوب امتداد دارد. آنها تقریباً همه سواحل شنی هستند که شنا در آنها ایمن است و اکثر آنها دارای سایه درختان پوهوتوکاوا است. سواحل تاماکی درایو در بندر وایتماتا، در حومه شهرهای معروف میشن بی و سنت هلییرز در اوکلند مرکزی قرار دارند. اینها سواحل خانوادگی هستند که گاهی اوقات شلوغند و دارای فروشگاه های خوبی در امتداد ساحل می‌باشند. شنا کردن بی خطر است.,مطابق با متن، شرایط شنا احتمالاً در کجا ایمن‌تر است؟,3,"<answer>2</answer>

<explanation>در متن گفته شده است که سواحل نورث شور که در منطقه نورث هاربر قرار دارند، ""تقریباً همه سواحل شنی"" هستند و ""شنا در آنها ایمن است"". بنابراین، احتمالاً شنا در منطقه نورث هاربر امن‌تر است.</explanation>

<highlight>آنها تقریباً همه سواحل شنی هستند که شنا در آنها ایمن است و اکثر آنها دارای سایه درختان پوهوتوکاوا است.</highlight>

<keywords>[""اوکلند""، ""بندرگاه""، ""ساحل""، ""نورث شور""، ""نورث هاربر""، ""اقیانوس آرام""، ""لانگ بی""، ""دونپورت""، ""سواحل تاماکی""، ""بندر وایتماتا""، ""میشن بی""، ""سنت هلییرز""، ""اوکلند مرکزی""، ""شنا""]</keywords>",دونپورت,منطقه نورث هاربر,اوکلند مرکزی,لانگ‌بی,2,"در متن گفته شده است که سواحل نورث شور که در منطقه نورث هاربر قرار دارند، ""تقریباً همه سواحل شنی"" هستند و ""شنا در آنها ایمن است"". بنابراین، احتمالاً شنا در منطقه نورث هاربر امنتر است.",آنها تقریباً همه سواحل شنی هستند که شنا در آنها ایمن است و اکثر آنها دارای سایه درختان پوهوتوکاوا است.,"['""اوکلند""، ""بندرگاه""، ""ساحل""، ""نورث شور""، ""نورث هاربر""، ""اقیانوس آرام""، ""لانگ بی""، ""دونپورت""، ""سواحل تاماکی""، ""بندر وایتماتا""، ""میشن بی""، ""سنت هلییرز""، ""اوکلند مرکزی""، ""شنا""']"
36,ساز و کار ام‌آرآی بر پایه پدیده‌ای در علم فیزیک است به نام رزونانس مغناطیسی هسته‌ای (NMR)، که در دهه 1930 توسط فلیکس بلوچ (فعال در دانشگاه استانفورد) و ادوارد پورسل (از دانشگاه هاروارد) کشف شد. در این رزونانس، میدان مغناطیسی و امواج رادیویی باعث می‌شود اتم‌ها سیگنال‌های رادیویی کوچکی را از خود بیرون دهند. در سال 1970، ریموند دامادیان، پزشک و دانشمند محقق، اساس استفاده از تصویربرداری رزونانس مغناطیسی را به عنوان ابزاری برای تشخیص پزشکی کشف کرد. چهار سال بعد حق اختراعی اعطا شد که اولین حق اختراع صادره در جهان در زمینه ام‌آرآی بود. در سال 1977، دکتر دامادیان اولین اسکنر MRI «تمام بدن» را ساخت و آن را Indomitable (رام‌نشدنی) نامید.,چه کسی رزونانس مغناطیسی هسته‌ای را کشف کرد؟ ,3,"<answer>3</answer>

<explanation>فلیکس بلوچ و ادوارد پورسل پدیده رزونانس مغناطیسی هسته‌ای (NMR) را در دهه 1930 کشف کردند. این پدیده فیزیکی پایه و اساس فناوری تصویربرداری رزونانس مغناطیسی (MRI) است که بعدها توسط ریموند دامادیان برای استفاده در تشخیص پزشکی بکار گرفته شد.</explanation>

<highlight>فلیکس بلوچ (فعال در دانشگاه استانفورد) و ادوارد پورسل (از دانشگاه هاروارد) کشف کرد.</highlight>

<keywords>[""کشف""، ""رزونانس مغناطیسی هسته‌ای""، ""بلوچ""، ""پورسل""]</keywords>",پورسل,دامادیان,بلوچ و پورسل,بلوچ و دامادیان,3,فلیکس بلوچ و ادوارد پورسل پدیده رزونانس مغناطیسی هستهای (NMR) را در دهه 1930 کشف کردند. این پدیده فیزیکی پایه و اساس فناوری تصویربرداری رزونانس مغناطیسی (MRI) است که بعدها توسط ریموند دامادیان برای استفاده در تشخیص پزشکی بکار گرفته شد.,فلیکس بلوچ (فعال در دانشگاه استانفورد) و ادوارد پورسل (از دانشگاه هاروارد) کشف کرد.,"['""کشف""، ""رزونانس مغناطیسی هستهای""، ""بلوچ""، ""پورسل""']"
37,تیم ملی آفریقای جنوبی تیم ملی راگبی نیوزلند (All Blacks) را در یک مسابقه Tri Nations (سه ملیتی) اتحاد راگبی در ورزشگاه رویال بافوکنگ در راستنبرگ آفریقای جنوبی شکست داد. امتیاز نهایی یک پیروزی یک امتیازی، 21 بر 20 بود و به 15 برد متوالی All Blacks پایان داد. این مسابقه برای تیم اسپرینگ باکس منجر به پنجمین باخت پیاپی آن شد. این یک مسابقه نهایی برای All Blacks بود، که دو هفته پیش قهرمان این جام شده بود. هفته بعد مسابقه نهایی این سری در ورزشگاه الیس پارک در ژوهانسبورگ برگزار می‌شود و تیم ملی راگبی آفریقای جنوبی Springboks با استرالیا بازی می‌کند.,چه تیم‌هایی در مسابقه الیس پارک بازی خواهند کرد؟,3,"<answer>3</answer>

<explanation>
در متن گفته شده که در مسابقه نهایی سری در ورزشگاه الیس پارک، تیم ملی راگبی آفریقای جنوبی (Springboks) با استرالیا بازی خواهد کرد.
</explanation>

<highlight>هفته بعد مسابقه نهایی این سری در ورزشگاه الیس پارک در ژوهانسبورگ برگزار می‌شود و تیم ملی راگبی آفریقای جنوبی Springboks با استرالیا بازی می‌کند.</highlight>

<keywords> ['آفریقای جنوبی', 'استرالیا', 'الیس پارک', 'راگبی', 'مسابقه نهایی'] </keywords>",All Blacks و استرالیا,نیوزلند و آفریقای جنوبی,آفریقای جنوبی و استرالیا,اسپرینگ باکس و All Blacks,3,در متن گفته شده که در مسابقه نهایی سری در ورزشگاه الیس پارک، تیم ملی راگبی آفریقای جنوبی (Springboks) با استرالیا بازی خواهد کرد.,هفته بعد مسابقه نهایی این سری در ورزشگاه الیس پارک در ژوهانسبورگ برگزار میشود و تیم ملی راگبی آفریقای جنوبی Springboks با استرالیا بازی میکند.,"[""'آفریقای جنوبی'"", ""'استرالیا'"", ""'الیس پارک'"", ""'راگبی'"", ""'مسابقه نهایی'""]"
38,براساس گزارش‌ها، یک آپارتمان در خیابان مکبث به دلیل نشت گاز منفجر شد. پس از آنكه يكی از همسایه‌ها درباره نشت گاز تماس گرفت، يكی از مقام‌های شركت گاز در محل رویداد در حال ارائه گزارش بود. وقتی مقام رسمی از راه رسید، آپارتمان منفجر شد. هیچ مصدومیت عمده ای گزارش نشده است، اما حداقل پنج نفر در زمان انفجار در آن صحنه به دلیل علائم شوک تحت درمان قرار گرفتند. هیچ کس در آپارتمان حضور نداشت. در آن موقع، تقریباً 100 نفر از ساکنان آن منطقه از آنجا بیرون برده شده بودند.,چه کسی نشت گاز را گزارش داد؟,1,"<answer>1</answer>

<explanation>در متن گزارش آمده است که ""یکی از همسایه‌ها درباره نشت گاز تماس گرفت"". این نشان می‌دهد که یکی از ساکنان آپارتمان‌های اطراف، نشت گاز را گزارش داده است.</explanation>

<highlight>یکی از همسایه‌ها درباره نشت گاز تماس گرفت</highlight>

<keywords> [""نشت گاز""، ""همسایه""، ""آپارتمان""، ""گزارش""]</keywords>",یکی از همسایگان در آپارتمان,فردی که در آپارتمان زندگی می‌کرد,از مقام‌های شرکت گاز,مدیر آپارتمان,1,"در متن گزارش آمده است که ""یکی از همسایهها درباره نشت گاز تماس گرفت"". این نشان میدهد که یکی از ساکنان آپارتمانهای اطراف، نشت گاز را گزارش داده است.",یکی از همسایهها درباره نشت گاز تماس گرفت,"['""نشت گاز""، ""همسایه""، ""آپارتمان""، ""گزارش""']"
39,پس از صدها ساعت کار، رشته لامپ در نهایت می‌سوزد و لامپ دیگر کار نمی‌کند. سپس حباب لامپ باید تعویض گردد. هنگام تعویض حباب لامپ باید مراقب بود. ابتدا،‌ کلید متصل به لامپ باید خاموش گردد یا سیم آن قطع گردد. دلیلش این است که الکتریسیته‌ای که به داخل سوکت در محل قرارگیری قسمت فلزی حباب روانه می‌شود می‌تواند شوک الکتریکی شدیدی به شما بدهد البته اگر به داخل سوکت یا پایه فلزی حباب در حالی که بخشی از آن داخل سوکت است دست بزنید.,هنگام تعویض لامپ، لمس کدام یک از موارد زیر می‌تواند خطرناک باشد؟,3,"<answer>3</answer>

<explanation>در متن گفته می‌شود که الکتریسیته‌ای که به داخل سوکت در محل قرارگیری قسمت فلزی حباب (پایه لامپ) می‌تواند شوک الکتریکی شدیدی ایجاد کند. بنابراین، لمس پایه لامپ هنگام تعویض آن می‌تواند خطرناک باشد.</explanation>

<highlight>الکتریسیته‌ای که به داخل سوکت در محل قرارگیری قسمت فلزی حباب روانه می‌شود می‌تواند شوک الکتریکی شدیدی به شما بدهد البته اگر به داخل سوکت یا پایه فلزی حباب در حالی که بخشی از آن داخل سوکت است دست بزنید.</highlight>

<keywords> ['لامپ', 'حباب', 'الکتریسیته', 'شوک', 'سوکت', 'فلزی', 'پایه'] </keywords>",رشته,کلید لامپ,پایه لامپ,سیم ,3,در متن گفته میشود که الکتریسیتهای که به داخل سوکت در محل قرارگیری قسمت فلزی حباب (پایه لامپ) میتواند شوک الکتریکی شدیدی ایجاد کند. بنابراین، لمس پایه لامپ هنگام تعویض آن میتواند خطرناک باشد.,الکتریسیتهای که به داخل سوکت در محل قرارگیری قسمت فلزی حباب روانه میشود میتواند شوک الکتریکی شدیدی به شما بدهد البته اگر به داخل سوکت یا پایه فلزی حباب در حالی که بخشی از آن داخل سوکت است دست بزنید.,"[""'لامپ'"", ""'حباب'"", ""'الکتریسیته'"", ""'شوک'"", ""'سوکت'"", ""'فلزی'"", ""'پایه'""]"
40,"به نظر می‌رسد که بزها ابتدا حدود 10,000 سال پیش در کوه‌های زاگرس ایران اهلی شده باشند. فرهنگهای کهن و قبایل شروع به نگهداری از آنها برای دسترسی آسان به شیر، پشم، گوشت، و پوست کردند. بزهای اهلی بطور کل بصورت گله‌ای روی تپه‌ها یا سایر مناطق چرا نگهداری می‌شدند و اغلب توسط بزچران‌هایی که اغلب کودک و نوجوان بودند مشابه چوپانان معمول تیمار می‌شدند. این روش‌های گله‌داری هنوز امروزه بکار می‌روند.",کدام یک از موارد زیر دلیلی بر نگهداری بز در فرهنگ‌های باستانی نبود؟,3,"<answer>2</answer>

<explanation>در متن اشاره شده که بزها برای دسترسی به شیر، پشم، گوشت و پوست نگهداری می‌شدند. هیچ اشاره‌ای به کوتاه کردن چمن‌ها به عنوان دلیلی برای نگهداری بزها نشده است.</explanation>

<highlight>فرهنگهای کهن و قبایل شروع به نگهداری از آنها برای دسترسی آسان به شیر، پشم، گوشت، و پوست کردند.</highlight>

<keywords>['بز', 'اهلی', 'کوه‌های زاگرس', 'ایران', 'فرهنگ باستانی', 'قبیله', 'شیر', 'پشم', 'گوشت', 'پوست', 'گله', 'تپه', 'چوپان', 'گله‌داری']</keywords>",امکان دسترسی به گوشت را فراهم می‌کردند,به کوتاه کردن چمن‌ها کمک می‌کردند,نقش همراه را داشتند,دسترسی به شیر را فراهم می‌کردند,2,در متن اشاره شده که بزها برای دسترسی به شیر، پشم، گوشت و پوست نگهداری میشدند. هیچ اشارهای به کوتاه کردن چمنها به عنوان دلیلی برای نگهداری بزها نشده است.,فرهنگهای کهن و قبایل شروع به نگهداری از آنها برای دسترسی آسان به شیر، پشم، گوشت، و پوست کردند.,"[""'بز'"", ""'اهلی'"", ""'کوههای زاگرس'"", ""'ایران'"", ""'فرهنگ باستانی'"", ""'قبیله'"", ""'شیر'"", ""'پشم'"", ""'گوشت'"", ""'پوست'"", ""'گله'"", ""'تپه'"", ""'چوپان'"", ""'گلهداری'""]"
41,ستارگان به دلیل انرژی ایجاد شده هنگام ادغام (یا ذوب شدن) اتم های هیدروژن برای ساخت عناصر سنگین تر، نور و گرما تولید می‌کنند. دانشمندان در تلاش هستند رآکتوری بسازند که به همان روش انرژی تولید کند. با این حال، حل این مشکل کار بسیار سختی است و تا ساخت راکتورهای مفید فیوژن سال‌ها طول خواهد کشید.,یک راکتور همجوشی کارامد کدام یک از موارد زیر را تولید خواهد کرد؟,4,"<answer>4</answer>

<explanation>در متن گفته می‌شود که ستارگان با ادغام اتم‌های هیدروژن، انرژی تولید می‌کنند. دانشمندان نیز در تلاشند راکتوری بسازند که به همین روش، یعنی ادغام اتمی، انرژی تولید کند. بنابراین، یک راکتور همجوشی کارآمد انرژی تولید خواهد کرد.</explanation>

<highlight>ستارگان با ادغام اتم‌های هیدروژن، انرژی تولید می‌کنند. دانشمندان در تلاش برای ساخت راکتوری هستند که به همین روش انرژی تولید کند.</highlight>

<keywords> ['راکتور همجوشی', 'انرژی', 'اتم', 'هیدروژن', 'ستاره'] </keywords>",هیدروژن,ستاره‌ها,اتم‌ها,انرژی,4,در متن گفته میشود که ستارگان با ادغام اتمهای هیدروژن، انرژی تولید میکنند. دانشمندان نیز در تلاشند راکتوری بسازند که به همین روش، یعنی ادغام اتمی، انرژی تولید کند. بنابراین، یک راکتور همجوشی کارآمد انرژی تولید خواهد کرد.,ستارگان با ادغام اتمهای هیدروژن، انرژی تولید میکنند. دانشمندان در تلاش برای ساخت راکتوری هستند که به همین روش انرژی تولید کند.,"[""'راکتور همجوشی'"", ""'انرژی'"", ""'اتم'"", ""'هیدروژن'"", ""'ستاره'""]"
42,یکی از شایع‌ترین مشکلات هنگام تبدیل کردن فیلم به قالب DVD بیرون زدن تصویر از کادر است. اکثر تلویزیون‌ها طوری ساخته شده‌است که مورد پسند مردم باشد. به آن دلیل، هر آنچه در تلویزیون مشاهده می‌کنید، کناره‌هایش از بالا، پایین و دو طرف برش خورده است. این برای اطمینان از آن ساخته شده تا تصویر به درستی در کل صفحه نمایش داده می‌شود. به آن overscan گفته می‌شود. متأسفانه وقتی یک DVD می‌سازید، کناره‌هایش نیز به احتمال زیاد از کادر خارج می‌شود و اگر زیرنویس این ویدئو به پایین تصویر خیلی نزدیک باشد، کامل نشان داده نمی‌شوند.,چرا کناره تصاویر در تلویزیون برش خورده می‌شود؟,2,"<answer>2</answer>

<explanation>در متن گفته شده که تلویزیون‌ها طوری ساخته شده‌اند که مورد پسند مردم باشند و به همین دلیل کناره‌های تصویر برش خورده است تا تصویر به درستی در کل صفحه نمایش داده شود.</explanation>

<highlight>اکثر تلویزیون‌ها طوری ساخته شده‌است که مورد پسند مردم باشد. به آن دلیل، هر آنچه در تلویزیون مشاهده می‌کنید، کناره‌هایش از بالا، پایین و دو طرف برش خورده است. این برای اطمینان از آن ساخته شده تا تصویر به درستی در کل صفحه نمایش داده می‌شود.</highlight>

<keywords>[""تلویزیون"", ""برش"", ""تصویر"", ""صفحه"", ""مردم"", ""پسند""]</keywords>",برای ایجاد امکان زیرنویس نوشتن,برای اینکه تصویر با کل صفحه تطبیق پیدا کند,برای ایجاد امکان تبدیل ساده به فرمت‌های دیگر,برای بیش از اندازه نزدیک به پایین برش خوردن زیرنویس‌ها,2,در متن گفته شده که تلویزیونها طوری ساخته شدهاند که مورد پسند مردم باشند و به همین دلیل کنارههای تصویر برش خورده است تا تصویر به درستی در کل صفحه نمایش داده شود.,اکثر تلویزیونها طوری ساخته شدهاست که مورد پسند مردم باشد. به آن دلیل، هر آنچه در تلویزیون مشاهده میکنید، کنارههایش از بالا، پایین و دو طرف برش خورده است. این برای اطمینان از آن ساخته شده تا تصویر به درستی در کل صفحه نمایش داده میشود.,"['""تلویزیون""', '""برش""', '""تصویر""', '""صفحه""', '""مردم""', '""پسند""']"
43,روش بارز پرواز با صندلی فرست کلاس یا بیزینس این است که مبلغ هنگفتی را در ازای امتیاز بسلفید (یا بهتر اینکه می‌توانید به شرکتتان بگویید که ترتیب این کار را بدهد). با این حال، ارزان بدست نمی‌آید: یک قانون کلی می‌گوید می‌توان انتظار داشت تا چهار برابر کرایه عادی که برای حالت اقتصادی پرداخت می‌شود برای حالت تجاری و یازده برابر آن را برای درجه یک بپردازید! بطور کل، جستجوی تخفیف برای صندلی‌های بیزینس و فرست کلاس در پروازها از نقطه A به B هیچ فایده‌ای ندارد. خطوط هوایی به خوبی می‌دانند که گروهی از مسافرین هوایی با شرایط اضطراری مایل به پرداخت پول زیاد برای دریافت مزیت سفر سریع و راحت می‌باشند و بر این اساس قیمت‌گذاری می‌کنند.,مطابق با متن، هنگام رزرو کلاس‌های بلیط مشخص، جستجو برای چه چیز وقت تلف کردن است؟,3,"<answer>3</answer>

<explanation>
در متن گفته می‌شود که «جستجوی تخفیف برای صندلی‌های بیزینس و فرست کلاس در پروازها از نقطه A به B هیچ فایده‌ای ندارد». این بدین معناست که جستجو برای تخفیف در این کلاس‌های پروازی بی‌فایده است و وقت تلف کردن است.
</explanation>

<highlight>
«جستجوی تخفیف برای صندلی‌های بیزینس و فرست کلاس در پروازها از نقطه A به B هیچ فایده‌ای ندارد.»
</highlight>

<keywords>
['پرواز', 'بیزینس', 'فرست کلاس', 'تخفیف', 'بی‌فایده']
</keywords>",پروازهای مستقیم,کلاس بیزینس,تخفیف‌ها,فرست کلاس,3,در متن گفته میشود که «جستجوی تخفیف برای صندلیهای بیزینس و فرست کلاس در پروازها از نقطه A به B هیچ فایدهای ندارد». این بدین معناست که جستجو برای تخفیف در این کلاسهای پروازی بیفایده است و وقت تلف کردن است.,«جستجوی تخفیف برای صندلیهای بیزینس و فرست کلاس در پروازها از نقطه A به B هیچ فایدهای ندارد.»,"[""'پرواز'"", ""'بیزینس'"", ""'فرست کلاس'"", ""'تخفیف'"", ""'بیفایده'""]"
44,آدام کوئردن، مدیر منابع مشترک، هنگام گفتگو با ویکی‌نیوز در ماه گذشته،‌ از این حذفیات ابراز سرخوردگی کرد. «او [ولز] از همان ابتدا به ما دروغ گفت. اول از همه، با وانمود کردن اینکه این به‌خاطر دلایل قانونی است. دوم، با وانمود کردن اینکه به حرف‌های ما گوش می‌کند، اما درست تا حذف هنرش پیش رفت.» خشم جامعه منجر به تلاش‌های جاری برای طرح سیاستی در خصوص محتوای جنسی برای این سایت شد که میزبان میلیون‌ها رسانه با دسترسی آزاد است.,کدام‌یک از موارد زیر دلیل سرخوردگی آدام کوئردن نیست؟,1,"<answer>1</answer>

<explanation>آدام کوردن از دروغ‌های ولز و حذف هنرش ابراز نارضایتی کرد. او همچنین از بی‌توجهی ولز به جامعه هنری گلایه داشت. اما نارضایتی او مربوط به خط‌مشی جدید سایت در خصوص محتوای جنسی نیست، بلکه بیشتر مربوط به تصمیم‌گیری‌های فردی ولز و نحوه برخورد او با جامعه هنری است.</explanation>

<highlight>آدام کوئردن، مدیر منابع مشترک، از دروغ‌های ولز و حذف هنرش ابراز نارضایتی کرد.</highlight>

<keywords> [""آدام کوئردن""، ""سرخوردگی""، ""دروغ""، ""حذف هنر""، ""بی‌توجهی""] </keywords>",خط‌مشی جدید سایت درخصوص محتوای جنسی,حذف هنر ولز,عدم توجه ولز,دروغ‌ها درباره دلیل حذف هنر,1,آدام کوردن از دروغهای ولز و حذف هنرش ابراز نارضایتی کرد. او همچنین از بیتوجهی ولز به جامعه هنری گلایه داشت. اما نارضایتی او مربوط به خطمشی جدید سایت در خصوص محتوای جنسی نیست، بلکه بیشتر مربوط به تصمیمگیریهای فردی ولز و نحوه برخورد او با جامعه هنری است.,آدام کوئردن، مدیر منابع مشترک، از دروغهای ولز و حذف هنرش ابراز نارضایتی کرد.,"['""آدام کوئردن""، ""سرخوردگی""، ""دروغ""، ""حذف هنر""، ""بیتوجهی""']"
45,طوفان استوایی دانیل، که چهارمین طوفان در فصل طوفان‌های اقیانوس اطلس در سال 2010 است، در اقیانوس اطلس شرقی شکل گرفته است. طوفان، که در فاصله تقریبی 3000 مایل از میامی، فلوریدا واقع شده است، حداکثر پایداری سرعت وزش باد 40 مایل بر ساعت (64 کیلومتر بر ساعت) را دارد. دانشمندان مرکز ملی طوفان پیش بینی می کنند که دانیل تا روز چهارشنبه تقویت می‌شود و به یک طوفان تبدیل می‌شود. از آنجا که طوفان بسیار دورتر از سطح زمین است، ارزیابی تأثیر احتمالی آن بر ایالات متحده یا کارائیب همچنان دشوار است.,چرا اندازه‌گیری تأثیر احتمالی طوفان استوایی دانیل چالش‌برانگیز است؟,3,"<answer>3</answer>

<explanation>در متن گفته شده که طوفان دانیل در اقیانوس اطلس شرقی شکل گرفته و حدود 3000 مایل از میامی، فلوریدا فاصله دارد. همچنین، در ادامه بیان شده که به دلیل فاصله زیاد طوفان از خشکی، ارزیابی تأثیر احتمالی آن دشوار است. بنابراین، دلیل چالش‌برانگیز بودن اندازه‌گیری تأثیر طوفان دانیل، فاصله زیاد آن از خشکی است.</explanation>

<highlight>طوفان استوایی دانیل در اقیانوس اطلس شرقی شکل گرفته و حدود 3000 مایل از میامی، فلوریدا فاصله دارد. دانشمندان مرکز ملی طوفان می‌گویند که ارزیابی تأثیر احتمالی طوفان بر ایالات متحده یا کارائیب دشوار است، زیرا طوفان بسیار دور از خشکی است.</highlight>

<keywords>[""طوفان استوایی دانیل""، ""اقیانوس اطلس شرقی""، ""3000 مایل""، ""میامی فلوریدا""، ""فاصله از خشکی""، ""ارزیابی تأثیر""]</keywords>",پیش‌بینی می‌شود این طوفان به یک توفند شدت یابد,دانشمندان درباره پایداری سرعت وزش بادهای طوفان مطمئن نیستند,طوفان خیلی از خشکی فاصله دارد,طوفان فاصله خیلی زیادی از میامی دارد,3,در متن گفته شده که طوفان دانیل در اقیانوس اطلس شرقی شکل گرفته و حدود 3000 مایل از میامی، فلوریدا فاصله دارد. همچنین، در ادامه بیان شده که به دلیل فاصله زیاد طوفان از خشکی، ارزیابی تأثیر احتمالی آن دشوار است. بنابراین، دلیل چالشبرانگیز بودن اندازهگیری تأثیر طوفان دانیل، فاصله زیاد آن از خشکی است.,طوفان استوایی دانیل در اقیانوس اطلس شرقی شکل گرفته و حدود 3000 مایل از میامی، فلوریدا فاصله دارد. دانشمندان مرکز ملی طوفان میگویند که ارزیابی تأثیر احتمالی طوفان بر ایالات متحده یا کارائیب دشوار است، زیرا طوفان بسیار دور از خشکی است.,"['""طوفان استوایی دانیل""، ""اقیانوس اطلس شرقی""، ""3000 مایل""، ""میامی فلوریدا""، ""فاصله از خشکی""، ""ارزیابی تأثیر""']"
46,در قدیم اینطور بود که وارث تاج و تخت درست پس از اتمام تحصیل به سربازی می‌رفت. با این حال، چارلز به دانشگاه در کالج ترینیتی در کمبریج رفت و در آنجا به تحصیل مردم‌شناسی و باستان‌شناسی مشغول شد، و بعدها به تاریخ پرداخت و مدرک 2:2 (مدرک با درجه دوم پایین) را کسب کرد. «چارلز» اولین عضو از خانواده سلطنتی بریتانیا بود که به او مدرک تحصیلی داده شده است.,با توجه به متن، کدام مورد برای وارث تاج و تخت عادی در نظر گرفته می‌شود؟,2,"<answer>2</answer>

<explanation>در متن گفته شده است که در گذشته وارث تاج و تخت پس از ""اتمام تحصیل"" به سربازی می‌رفت. این به این معنی است که رفتن به سربازی پس از پایان یافتن تحصیلات عادی و مرسوم بوده است. بنابراین، گزینه 2 که اشاره به ترک دانشگاه برای رفتن به سربازی دارد، انتخاب صحیح است.</explanation>

<highlight>در قدیم اینطور بود که وارث تاج و تخت درست پس از اتمام تحصیل به سربازی می‌رفت.</highlight>

<keywords> [""وارث تاج و تخت""، ""سربازی""، ""اتمام تحصیل""] </keywords>",دریافت مدرک 2:2,رها کردن دانشگاه برای رفتن به سربازی,مطالعه تاریخ,تحصیل در دانشگاه پیش از رفتن به سربازی,2,"در متن گفته شده است که در گذشته وارث تاج و تخت پس از ""اتمام تحصیل"" به سربازی میرفت. این به این معنی است که رفتن به سربازی پس از پایان یافتن تحصیلات عادی و مرسوم بوده است. بنابراین، گزینه 2 که اشاره به ترک دانشگاه برای رفتن به سربازی دارد، انتخاب صحیح است.",در قدیم اینطور بود که وارث تاج و تخت درست پس از اتمام تحصیل به سربازی میرفت.,"['""وارث تاج و تخت""، ""سربازی""، ""اتمام تحصیل""']"
47,روز چهارشنبه، اتحادیه ملی بسکتبال ایالات متحده (NBA) به دلیل نگرانی در مورد کووید-19، فصل بسکتبال حرفه‌ای خود را به حالت تعلیق درآورد. تصمیم NBA به دنبال آزمایش مثبت ویروس کووید-19 بازیکن یوتا جاز بود.,NBA تصمیم به تعلیق کدام مورد زیر گرفت؟,1,"<answer>1</answer>

<explanation>در متن گفته شده که اتحادیه ملی بسکتبال (NBA) فصل بسکتبال حرفه‌ای خود را به حالت تعلیق درآورد. این تصمیم به دنبال مثبت شدن آزمایش کووید-19 یکی از بازیکنان تیم یوتا جاز گرفته شد.</explanation>

<highlight>اتحادیه ملی بسکتبال ایالات متحده (NBA) فصل بسکتبال حرفه‌ای خود را به حالت تعلیق درآورد.</highlight>

<keywords> [""اتحادیه ملی بسکتبال""، ""فصل بسکتبال""، ""کووید-19""، ""یوتا جاز""] </keywords>",فصل بسکتبال,یک بازیکن از یوتا جاز,هر بازیکنی که تست کووید-19 او مثبت شد,تیم بسکتبال یوتا جاز,1,در متن گفته شده که اتحادیه ملی بسکتبال (NBA) فصل بسکتبال حرفهای خود را به حالت تعلیق درآورد. این تصمیم به دنبال مثبت شدن آزمایش کووید-19 یکی از بازیکنان تیم یوتا جاز گرفته شد.,اتحادیه ملی بسکتبال ایالات متحده (NBA) فصل بسکتبال حرفهای خود را به حالت تعلیق درآورد.,"['""اتحادیه ملی بسکتبال""، ""فصل بسکتبال""، ""کووید-19""، ""یوتا جاز""']"
48,پس از آنکه مشخص شد بسیاری از خانواده‌ها به دنبال کمک حقوقی برای جلوگیری از اخراج هستند، جلسه‌ای در تاریخ 20 مارس در «مرکز حقوق عام خلیج شرقی» برای مالباختگان کلاهبرداری مسکن برگزار شد. وقتی اجاره‌نشین‌ها شروع به درمیان گذاشتن چیزی کردند که برای آنها اتفاق افتاده بود، اکثر خانواده‌های درگیر ناگهان متوجه شدند که کارولین ویلسون از OHA پول‌پیش آن‌ها را به سرقت برده و از شهر متواری شده است. مستاجرین در باغ لاک وود بر این باورند که ممکن است 40 خانواده یا تعداد بیشتری با حکم اخراج روبرو شوند، زیرا دریافتند که پلیس OHA در حال بررسی سایر املاک مسکونی عمومی‌ در اوکلند است که ممکن است در دام کلاهبرداری مسکن گرفتار شده باشند.,مطابق با آنچه در متن بیان شد، کارولین ویلسون قبل از ترک شهر برای چه کسانی کار می‌کرد؟,3,"<answer>3</answer>

<explanation>در متن گفته شده کارولین ویلسون از OHA پول پیش خانواده‌ها را به سرقت برده و از شهر فرار کرده است. این نشان می‌دهد کارولین ویلسون قبل از ترک شهر برای OHA کار می‌کرده است.</explanation>

<highlight>وقتی اجاره‌نشین‌ها شروع به درمیان گذاشتن چیزی کردند که برای آنها اتفاق افتاده بود، اکثر خانواده‌های درگیر ناگهان متوجه شدند که کارولین ویلسون از OHA پول‌پیش آن‌ها را به سرقت برده و از شهر متواری شده است.</highlight>

<keywords>کارولین ویلسون، OHA، پول پیش، سرقت، فرار از شهر</keywords>",مرکز حقوق عام خلیج شرقی,پلیس اوکلند,OHA,باغ‌های لاک‌وود,3,در متن گفته شده کارولین ویلسون از OHA پول پیش خانوادهها را به سرقت برده و از شهر فرار کرده است. این نشان میدهد کارولین ویلسون قبل از ترک شهر برای OHA کار میکرده است.,وقتی اجارهنشینها شروع به درمیان گذاشتن چیزی کردند که برای آنها اتفاق افتاده بود، اکثر خانوادههای درگیر ناگهان متوجه شدند که کارولین ویلسون از OHA پولپیش آنها را به سرقت برده و از شهر متواری شده است.,[]
49,مسافران ممکن است با انواعی از حیوانات موذی مواجه شوند که در مناطق بومی خودشان با آنها آشنایی نداشته‌اند. حیوانات موذی غذا را خراب می‌کنند، سبب آزار و اذیت می‌شوند یا در حالت بدتر سبب واکنش‌های حساسیت‌زا می‌شوند، زهر خود را پخش می‌کنند یا باعث انتقال عفونت‌ها می‌شوند. خود بیماری‌های عفونی یا حیوانات خطرناکی که می‌توانند افراد را با قدرت خود مجروح کنند یا بکشند، معمولاً با عنوان بلایا توصیف نمی‌شوند.,انجام کدام‌یک از موارد زیر احتمالاً از یک حیوان موذی بعید است؟,4,"<answer>4</answer>

<explanation>حیوانات موذی ممکن است باعث انتقال عفونت شوند، اما بعید است که باعث جراحت‌های شدید شوند. جراحت‌های شدید معمولاً با حیوانات خطرناک و قدرتمندتر مرتبط است که در متن به آنها اشاره شده است.</explanation>

<highlight>خود بیماری‌های عفونی یا حیوانات خطرناکی که می‌توانند افراد را با قدرت خود مجروح کنند یا بکشند، معمولاً با عنوان بلایا توصیف نمی‌شوند.</highlight>

<keywords> ['حیوانات موذی', 'خراب کردن غذا', 'آزار و اذیت', 'واکنش‌های حساسیت‌زا', 'زهر', 'عفونت', 'حیوانات خطرناک', 'جراحت', 'بیماری‌های عفونی'] </keywords>",سبب جوش زدن شدن,حساسیت‌های پوستی,انتقال عفونت,سبب جراحت‌های شدید شدن,4,حیوانات موذی ممکن است باعث انتقال عفونت شوند، اما بعید است که باعث جراحتهای شدید شوند. جراحتهای شدید معمولاً با حیوانات خطرناک و قدرتمندتر مرتبط است که در متن به آنها اشاره شده است.,خود بیماریهای عفونی یا حیوانات خطرناکی که میتوانند افراد را با قدرت خود مجروح کنند یا بکشند، معمولاً با عنوان بلایا توصیف نمیشوند.,"[""'حیوانات موذی'"", ""'خراب کردن غذا'"", ""'آزار و اذیت'"", ""'واکنشهای حساسیتزا'"", ""'زهر'"", ""'عفونت'"", ""'حیوانات خطرناک'"", ""'جراحت'"", ""'بیماریهای عفونی'""]"
