Unnamed: 0,question_id,question,choices,answer,hint,task,grade,subject,topic,category,skill,lecture,solution,split,choice_1,choice_2,choice_3,choice_4,original_answer,answer_humanity,has_solution,has_lecture,has_hint,Translated_Question,Translated_Option_1,Translated_Option_2,Translated_Option_3,Translated_Option_4,Translated_Hint,Translated_Solution
9497,2584,Select the animal.,"['Ostriches run and walk.', 'Maple trees have star-shaped leaves.']",0,nan,closed choice,grade2,natural science,biology,Classification,Identify plants and animals,"Plants and animals are living things. Living things are called organisms.
Plants come in many shapes and sizes. Most plants grow in the ground. They might grow leaves, flowers, and fruit. Plants cannot move around on their own like animals can.
Animals also come in many shapes and sizes. Most animals can move around. Animals might run, swim, jump, or fly. Animals eat plants or other organisms for food.","An ostrich is an animal. It runs and walks.
Ostriches are the largest living birds. They cannot fly, but they can run very fast.
A maple tree is a plant. It has star-shaped leaves.
Maple trees have green leaves in the spring and summer. In the fall, their leaves turn yellow, red, or brown.",train,Ostriches run and walk.,Maple trees have star-shaped leaves.,nan,nan,Ostriches run and walk.,1,1,1,0,حیوان را انتخاب کنید.,1: [,2: ',3: O,4: s,ندارد,شترمرغ یک حیوان است. می‌دود و راه می‌رود. شترمرغ‌ها بزرگترین پرندگان زنده هستند. نمی‌توانند پرواز کنند، اما می‌توانند خیلی سریع بدوند. درخت افرا یک گیاه است. برگ‌های پنجه مانند دارد. درختان افرا در بهار و تابستان برگ‌های سبز دارند. در پاییز، برگ‌های آن‌ها زرد، قرمز یا قهوه‌ای می‌شود.
17889,4854,What information supports the conclusion that Erin acquired this trait?,"['Erin likes to look at butterflies and beetles.', 'Erin learned to identify insects by reading many books about insects.']",1,"Read the description of a trait.
Erin is good at identifying insects.",closed choice,grade3,natural science,biology,Heredity,Inherited and acquired traits: use evidence to support a statement,"Organisms, including people, have both inherited and acquired traits. Inherited and acquired traits are gained in different ways.
Inherited traits are passed down through families. Children gain these traits from their parents. Inherited traits do not need to be learned.
Acquired traits are gained during a person's life. Some acquired traits, such as riding a bicycle, are gained by learning. Other acquired traits, such as scars, are caused by the environment.",nan,train,Erin likes to look at butterflies and beetles.,Erin learned to identify insects by reading many books about insects.,nan,nan,Erin learned to identify insects by reading many books about insects.,2,0,1,1,چه اطلاعاتی از این نتیجه‌گیری حمایت می‌کند که ارین این ویژگی را کسب کرده است؟,1: [گزینه 1],2: [گزینه 2],3: [گزینه 3],4: [گزینه 4],"شرح یک ویژگی را بخوانید.
ارین در شناسایی حشرات مهارت دارد.",[پاسخ]
14401,3955,"Complete the statement. Assume that the book's mass did not change.
The gravitational potential energy stored between the book and Earth () as the book fell toward the ground.","['decreased', 'stayed the same', 'increased']",0,"Read the text about an object in motion.
Harold knocked a book off a bookshelf. The book fell to the ground.",closed choice,grade7,natural science,physics,Kinetic and potential energy,Identify changes in gravitational potential energy,"Gravitational potential energy is stored between any two objects. So, for every object on or near Earth, there is gravitational potential energy stored between the object and Earth.
The amount of gravitational potential energy stored between an object and Earth depends on the mass of the object. The amount of gravitational potential energy also depends on the distance between the object and the center of Earth. This distance increases when the object moves higher and decreases when the object moves lower.
If the distance between an object and the center of Earth changes, the gravitational potential energy stored between the object and Earth will change. The table below shows how this change can happen.
When an object's mass stays the same and its distance from the center of Earth... | Gravitational potential energy stored between the object and Earth...
increases | increases
decreases | decreases
stays the same | stays the same","Think about how the distance between the book and the center of Earth changed.
The ground is lower than the bookshelf. As the book fell toward the ground, the distance between the book and the center of Earth decreased. So, the gravitational potential energy stored between the book and Earth decreased as the book fell toward the ground.",train,decreased,stayed the same,increased,nan,decreased,1,1,1,1,جمله را کامل کنید. فرض کنید جرم کتاب تغییر نکرده است. انرژی پتانسیل گرانشی ذخیره شده بین کتاب و زمین ( ) هنگامی که کتاب به سمت زمین سقوط کرد.,1: افزایش یافت,2: کاهش یافت,3: ثابت ماند,"4:  (This option is needed for a complete answer, but the provided text doesn't specify a fourth possibility.  A suitable placeholder might be:  ""تغییری نکرد"" (did not change))",متن مربوط به جسم در حال حرکت را بخوانید. هارولد کتابی را از قفسه کتاب انداخت. کتاب به زمین افتاد.,به چگونگی تغییر فاصله بین کتاب و مرکز زمین فکر کنید. زمین پایین‌تر از قفسه کتاب است. هنگامی که کتاب به سمت زمین سقوط کرد، فاصله بین کتاب و مرکز زمین کاهش یافت. بنابراین، انرژی پتانسیل گرانشی ذخیره شده بین کتاب و زمین هنگامی که کتاب به سمت زمین سقوط کرد، کاهش یافت.
10943,2984,Select the gas.,"['oxygen', 'hammer', 'ruler', 'clothespin']",0,nan,closed choice,grade3,natural science,physics,States of matter,"Identify solids, liquids, and gases","Solid, liquid, and gas are states of matter. Matter is anything that takes up space. Matter can come in different states, or forms.
When matter is a solid, it has a definite volume and a definite shape. So, a solid has a size and shape of its own.
Some solids can be easily folded, bent, or broken. A piece of paper is a solid. Also, some solids are very small. A grain of sand is a solid.
When matter is a liquid, it has a definite volume but not a definite shape. So, a liquid has a size of its own, but it does not have a shape of its own. Think about pouring juice from a bottle into a cup. The juice still takes up the same amount of space, but it takes the shape of the bottle.
Some liquids do not pour as easily as others. Honey and milk are both liquids. But pouring honey takes more time than pouring milk.
When matter is a gas, it does not have a definite volume or a definite shape. A gas expands, or gets bigger, until it completely fills a space. A gas can also get smaller if it is squeezed into a smaller space.
Many gases are invisible. Air is a gas.","Oxygen is a gas. A gas expands to fill a space. Oxygen can be stored in metal tanks. If oxygen leaks out of the tank, the oxygen will expand into the space around the tank.
A clothespin is a solid. A solid has a size and shape of its own. You can open or close a clothespin. But it will still have a size and shape of its own.
A ruler is a solid. A solid has a size and shape of its own. If you put a ruler in a box, the ruler will keep its shape.
A hammer is a solid. A solid has a size and shape of its own. A hammer is made of iron and wood. Both iron and wood are solids.",train,oxygen,hammer,ruler,clothespin,oxygen,1,1,1,0,گاز را انتخاب کنید.,1: [،],2: ['],3: [o],4: [x],ندارد,"اکسیژن یک گاز است. یک گاز منبسط می‌شود تا یک فضا را پر کند. اکسیژن را می‌توان در مخازن فلزی ذخیره کرد. اگر اکسیژن از مخزن نشت کند، اکسیژن به فضای اطراف مخزن منبسط می‌شود.
یک گیره لباس جامد است. یک جامد اندازه و شکل خاص خود را دارد. شما می توانید یک گیره لباس را باز یا بسته کنید. اما هنوز هم اندازه و شکل خاص خود را خواهد داشت.
یک خط کش جامد است. یک جامد اندازه و شکل خاص خود را دارد. اگر یک خط کش را در یک جعبه قرار دهید، خط کش شکل خود را حفظ خواهد کرد.
یک چکش جامد است. یک جامد اندازه و شکل خاص خود را دارد. یک چکش از آهن و چوب ساخته شده است. هم آهن و هم چوب جامد هستند."
9399,2554,What is the mass of an eraser?,"['40 kilograms', '40 grams']",1,Select the better estimate.,closed choice,grade5,natural science,units-and-measurement,Units and measurement,Choose metric units of mass,"Measurements are written with both a number and a unit. The unit comes after the number. The unit shows what the number means.
Mass is a measurement of how much matter something contains.
There are many different units of mass. When you are using metric units, mass may be written with units of grams or kilograms.
There are 1,000 grams in 1 kilogram. So, 1 gram is much less than 1 kilogram.
A paper clip has a mass of about 1 gram, while a textbook has a mass of about 1 kilogram.","The better estimate for the mass of an eraser is 40 grams.
40 kilograms is too heavy.",test,40 kilograms,40 grams,nan,nan,40 grams,2,1,1,1,جرم پاک‌کن چقدر است؟,1: 40 گرم,2: 40 کیلوگرم,3: 4 گرم,4: 0.4 گرم,برآورد بهتر را انتخاب کنید.,برآورد بهتر برای جرم یک پاک‌کن 40 گرم است. 40 کیلوگرم خیلی سنگین است.
1268,356,What is the volume of a bottle of nail polish?,"['11 liters', '11 milliliters']",1,Select the better estimate.,closed choice,grade5,natural science,units-and-measurement,Units and measurement,Choose metric units of volume,"Measurements are written with both a number and a unit. The unit comes after the number. The unit shows what the number means.
Volume is a measurement of how much space something takes up.
There are many different units of volume. When you are using metric units, volume may be written in units of milliliters or liters.
There are 1,000 milliliters in 1 liter. So, 1 milliliter is much less than 1 liter.
A raindrop has a volume of about 20 milliliters, while a large soda bottle has a volume of 2 liters. The flask shown here measures volumes up to 500 milliliters.","The better estimate for the volume of a bottle of nail polish is 11 milliliters.
11 liters is too much.",test,11 liters,11 milliliters,nan,nan,11 milliliters,2,1,1,1,حجم یک بطری لاک ناخن چقدر است؟,1: 11 میلی لیتر,2: 11 لیتر,,,برآورد بهتر را انتخاب کنید.,برآورد بهتر برای حجم یک بطری لاک ناخن، 11 میلی لیتر است. 11 لیتر خیلی زیاد است.
18676,5053,"Complete the sentence.
In this chemical reaction, copper is a ().","['reactant', 'product']",0,"This passage describes a chemical reaction. Read the passage. Then, follow the instructions below.
When the Statue of Liberty in New York City was built in the late 1800s, it was reddish-brown. Today, a green layer, called a patina, covers the statue's surface. This layer formed over time as copper in the statue combined with oxygen and other gases in the air to form the patina.",closed choice,grade7,natural science,chemistry,Chemical reactions,Identify reactants and products,"A chemical change occurs when new substances are formed from existing substances. This process is called a chemical reaction.
In a chemical reaction, one or more substances change into one or more different substances. During the reaction, the atoms of the original substances are rearranged to form other substances.
The original substances in a chemical reaction are called reactants. These substances react, or go through a chemical change.
The substances that are formed in a chemical reaction are called products. These substances are produced by the chemical reaction.
So, in a chemical reaction, reactants go through a chemical change to form products.","Read the underlined text carefully. Look for information about what happens to copper in this chemical reaction.
When the Statue of Liberty in New York City was built in the late 1800 s, it was reddish-brown. Today, a green layer, called a patina, covers the statue's surface. This layer formed over time as copper in the statue combined with oxygen and other gases in the air to form the patina.
The underlined text tells you that when copper in the statue and oxygen combine, a patina is formed. When copper and oxygen react, or go through a chemical change, their atoms are rearranged to form the patina. Because copper reacts in this chemical reaction, copper is a reactant.",train,reactant,product,nan,nan,reactant,1,1,1,1,جمله را کامل کنید. در این واکنش شیمیایی، مس یک ( ) است.,1: [ ],2: [ ، ],3: [ ر ],4: [ ا ],این متن یک واکنش شیمیایی را شرح می‌دهد. متن را بخوانید. سپس، دستورالعمل‌های زیر را دنبال کنید. هنگام ساخت مجسمه آزادی در شهر نیویورک در اواخر دهه ۱۸۰۰، رنگ آن قهوه‌ای مایل به قرمز بود. امروزه، یک لایه سبز رنگ به نام پاتینا، سطح مجسمه را پوشانده است. این لایه با گذشت زمان تشکیل شده است زیرا مس موجود در مجسمه با اکسیژن و سایر گازهای موجود در هوا ترکیب شده و پاتینا را تشکیل داده است.,متن زیرخط‌دار را با دقت بخوانید. به دنبال اطلاعاتی در مورد آنچه در این واکنش شیمیایی برای مس اتفاق می‌افتد، باشید. هنگام ساخت مجسمه آزادی در شهر نیویورک در اواخر دهه ۱۸۰۰، رنگ آن قهوه‌ای مایل به قرمز بود. امروزه، یک لایه سبز رنگ به نام پاتینا، سطح مجسمه را پوشانده است. این لایه با گذشت زمان تشکیل شده است زیرا مس موجود در مجسمه با اکسیژن و سایر گازهای موجود در هوا ترکیب شده و پاتینا را تشکیل داده است. متن زیرخط‌دار به شما می‌گوید که وقتی مس موجود در مجسمه و اکسیژن ترکیب می‌شوند، پاتینا تشکیل می‌شود. هنگامی که مس و اکسیژن واکنش می‌دهند یا دچار تغییر شیمیایی می‌شوند، اتم‌های آن‌ها مجدداً مرتب می‌شوند تا پاتینا را تشکیل دهند. از آنجایی که مس در این واکنش شیمیایی واکنش می‌دهد، مس یک واکنش‌دهنده است.
9620,2624,"What do these two changes have in common?
mixing sand and water
carving a piece of wood","['Both are caused by heating.', 'Both are chemical changes.', 'Both are only physical changes.', 'Both are caused by cooling.']",2,nan,closed choice,grade3,natural science,chemistry,Physical and chemical change,Compare physical and chemical changes,"Chemical changes and physical changes are two common ways matter can change.
In a chemical change, the type of matter changes. The types of matter before and after a chemical change are always different.
Some chemical changes are caused by heating or cooling. For example, burning a piece of paper is a chemical change caused by heating. When paper gets hot enough, it re­acts with oxygen in the air and burns. The paper and oxygen change into ash and smoke.
In a physical change, the type of matter stays the same. The types of matter before and after a physical change are always the same.
A change of state is a type of physical change. Changes of state can be caused by heating or cooling. For example, ice melting is a physical change that can be caused by heating. Ice and liquid water are made of the same type of matter: water.
The law of conservation of mass says that all physical and chemical changes conserve mass. Conserve means to keep the same. So, the total mass before a physical or chemical change is equal to the total mass after the change.","Step 1: Think about each change.
Mixing sand and water is a physical change. Adding water makes the sand wet. But both the sand and water are still made of the same type of matter as before.
Carving a piece of wood is a physical change. The wood changes shape, but it is still made of the same type of matter.
Step 2: Look at each answer choice.
Both are only physical changes.
Both changes are physical changes. No new matter is created.
Both are chemical changes.
Both changes are physical changes. They are not chemical changes.
Both are caused by heating.
Neither change is caused by heating.
Both are caused by cooling.
Neither change is caused by cooling.",test,Both are caused by heating.,Both are chemical changes.,Both are only physical changes.,Both are caused by cooling.,Both are only physical changes.,3,1,1,0,"این دو تغییر چه وجه مشترکی دارند؟
مخلوط کردن شن و آب
تراشیدن تکه‌ای چوب",1: هر دو فقط تغییرات فیزیکی هستند.,2: هر دو تغییر، تغییرات فیزیکی هستند. ماده جدیدی ایجاد نمی‌شود.,3: هر دو تغییر شیمیایی هستند.,4: هر دو تغییر، تغییرات فیزیکی هستند. آنها تغییرات شیمیایی نیستند.,,"مرحله 1: در مورد هر تغییر فکر کنید.
مخلوط کردن شن و آب یک تغییر فیزیکی است. اضافه کردن آب باعث خیس شدن شن می‌شود. اما هم شن و هم آب هنوز از همان نوع ماده قبل ساخته شده‌اند.
تراشیدن تکه‌ای چوب یک تغییر فیزیکی است. شکل چوب تغییر می‌کند، اما هنوز از همان نوع ماده ساخته شده است.
مرحله 2: به هر گزینه نگاه کنید.
هر دو فقط تغییرات فیزیکی هستند."
14515,3979,Is fixing a car a good or a service?,"['a service', 'a good']",0,nan,closed choice,grade2,social science,economics,Economics,Goods and services,"Everything you can buy is either a good or a service.
A good is something you can touch or hold in your hands. For example, a hammer is a good.
A service is a job you pay someone else to do. For example, cooking food in a restaurant is a service.","To decide whether fixing a car is a good or a service, ask these questions:
Is fixing a car something you can touch? No.
Is fixing a car a job you might pay someone else to do? Yes.
So, fixing a car is a service.",val,a service,a good,nan,nan,a service,1,1,1,0,تعمیر ماشین کالا است یا خدمت؟,1: [کالا],2: [خدمت],3: [ ],4: [ ],هیچ,برای اینکه تشخیص دهیم تعمیر ماشین کالا است یا خدمت، از این سوالات استفاده می‌کنیم: آیا تعمیر ماشین چیزی است که می‌توانید لمس کنید؟ خیر. آیا تعمیر ماشین کاری است که ممکن است برای انجام آن به فرد دیگری پول بدهید؟ بله. پس، تعمیر ماشین یک خدمت است.
13556,3719,Suppose Polly decides to buy a copy of the book. Which result would be a cost?,"['Polly will get to keep the book as long as she wants.', 'Polly will spend money to buy the book.']",1,"Polly is deciding whether to buy a copy of a book or borrow it from the library. She would like to be able to keep the book as long as she wants, but buying the book would cost money. She could borrow the book for free, but she would have to return it in a few weeks.",closed choice,grade4,social science,economics,Basic economic principles,Costs and benefits,"Before you decide to do something, it is often helpful to list costs and benefits.
Costs are what you give up or spend when you decide to do something. Costs involve giving up things that you want or need.
Benefits are what you gain or save when you decide to do something. Benefits involve gaining something that you want or need.","This result is a cost. It involves giving up or spending something that Polly wants or needs:
Polly will spend money to buy the book.",train,Polly will get to keep the book as long as she wants.,Polly will spend money to buy the book.,nan,nan,Polly will spend money to buy the book.,2,1,1,1,فرض کنید پلی تصمیم می‌گیرد یک نسخه از کتاب را بخرد. کدام نتیجه یک هزینه خواهد بود؟,1: [گزینه 1]  <!--  This needs to be filled in based on the original  options which appear to be scrambled letters -->,2: [گزینه 2],3: [گزینه 3],4: [گزینه 4],پلی در حال تصمیم‌گیری است که آیا یک نسخه از کتاب را بخرد یا آن را از کتابخانه قرض بگیرد. او دوست دارد تا هر زمانی که می‌خواهد کتاب را نگه دارد، اما خرید کتاب هزینه خواهد داشت. او می‌تواند کتاب را به صورت رایگان قرض بگیرد، اما باید آن را ظرف چند هفته برگرداند.,این نتیجه یک هزینه است. این شامل از دست دادن یا خرج کردن چیزی است که پلی می‌خواهد یا به آن نیاز دارد: پلی برای خرید کتاب پول خرج خواهد کرد.
15502,4227,"Which change best matches the sentence?
Mud is left behind along the sides of a river.","['erosion', 'drought', 'deposition']",2,nan,closed choice,grade3,natural science,earth-science,Earth events,Classify changes to Earth's surface II,nan,nan,train,erosion,drought,deposition,nan,deposition,3,0,0,0,"کدام تغییر با جمله زیر بهترین تطابق را دارد؟
لجن در کناره‌های رودخانه باقی می‌ماند.",1: [،],2: ['],3: [e],4: [r],,
7507,1987,"Which change best matches the sentence?
Earth is hit by a rock from outer space.","['deposition', 'landslide', 'meteorite crash']",2,nan,closed choice,grade3,natural science,earth-science,Earth events,Classify changes to Earth's surface II,nan,nan,test,deposition,landslide,meteorite crash,nan,meteorite crash,3,0,0,0,کدام تغییر با جمله‌ی زیر بیشترین تطابق را دارد؟ زمین توسط سنگی از فضای خارج مورد اصابت قرار می‌گیرد.,1: [،],2: ['],3: [د],4: [ه],,
3256,861,"Using only these supplies, which question can Paul investigate with an experiment?","['Do watercolor paintings dry faster when placed next to a fan?', 'Do watercolor paintings dry faster when they are placed inside or outside?', 'Does a large watercolor painting or a small watercolor painting dry faster?']",1,"Paul is painting watercolor pictures with his friend. An hour after they have finished, Paul notices one painting is dry but the other is not. He wonders what factors affect how quickly watercolor paintings dry. So, he decides to design an experiment. He has the following supplies available:
two freshly painted watercolor pictures of the same size
his dining room table
a picnic table in his backyard
a heater",closed choice,grade8,natural science,science-and-engineering-practices,Designing experiments,Identify questions that can be investigated with a set of materials,"Experiments can be designed to answer specific questions. When designing an experiment, you must identify the supplies that are necessary to answer your question. In order to do this, you need to figure out what will be tested and what will be measured during the experiment.
Imagine that you are wondering if plants grow to different heights when planted in different types of soil. How might you decide what supplies are necessary to conduct this experiment?
First, you need to identify the part of the experiment that will be tested, which is the independent variable. This is usually the part of the experiment that is different or changed. In this case, you would like to know how plants grow in different types of soil. So, you must have different types of soil available.
Next, you need to identify the part of the experiment that will be measured or observed, which is the dependent variable. In this experiment, you would like to know if some plants grow taller than others. So, you must be able to compare the plants' heights. To do this, you can observe which plants are taller by looking at them, or you can measure their exact heights with a meterstick.
So, if you have different types of soil and can observe or measure the heights of your plants, then you have the supplies you need to investigate your question with an experiment!",nan,train,Do watercolor paintings dry faster when placed next to a fan?,Do watercolor paintings dry faster when they are placed inside or outside?,Does a large watercolor painting or a small watercolor painting dry faster?,nan,Do watercolor paintings dry faster when they are placed inside or outside?,2,0,1,1,با استفاده از این وسایل، پل می‌تواند با آزمایش کدام سؤال را بررسی کند؟,1: [گزینه 1],2: [گزینه 2],3: [گزینه 3],4: [گزینه 4],"پل با دوستش در حال نقاشی آبرنگ است. یک ساعت پس از اتمام کار، پل متوجه می‌شود که یک نقاشی خشک شده است، اما نقاشی دیگر نه. او در مورد عواملی که بر سرعت خشک شدن نقاشی‌های آبرنگ تأثیر می‌گذارند، کنجکاو است. بنابراین، او تصمیم می‌گیرد که یک آزمایش طراحی کند. او وسایل زیر را در اختیار دارد:
دو نقاشی آبرنگ تازه نقاشی شده با اندازه یکسان
میز ناهارخوری او
یک میز پیک نیک در حیاط خلوت او
یک بخاری",[راه حل]
11137,3045,"Using only these supplies, which question can Mabel investigate with an experiment?","['Does the basketball bounce higher on gravel or on grass?', 'Does the basketball bounce higher on a lawn or on a dirt path?', 'Do larger basketballs bounce higher than smaller basketballs on a brick patio?']",0,"Mabel gets a basketball for her birthday and dribbles it around her neighborhood. She notices that sometimes the ball bounces higher than other times. She wonders what factors affect how high her ball bounces. So, she decides to design an experiment. She has the following supplies available:
one basketball
access to a brick patio
access to a grassy lawn
access to a gravel driveway
a meterstick",closed choice,grade6,natural science,science-and-engineering-practices,Designing experiments,Identify questions that can be investigated with a set of materials,"Experiments can be designed to answer specific questions. When designing an experiment, you must identify the supplies that are necessary to answer your question. In order to do this, you need to figure out what will be tested and what will be measured during the experiment.
Imagine that you are wondering if plants grow to different heights when planted in different types of soil. How might you decide what supplies are necessary to conduct this experiment?
First, you need to identify the part of the experiment that will be tested, which is the independent variable. This is usually the part of the experiment that is different or changed. In this case, you would like to know how plants grow in different types of soil. So, you must have different types of soil available.
Next, you need to identify the part of the experiment that will be measured or observed, which is the dependent variable. In this experiment, you would like to know if some plants grow taller than others. So, you must be able to compare the plants' heights. To do this, you can observe which plants are taller by looking at them, or you can measure their exact heights with a meterstick.
So, if you have different types of soil and can observe or measure the heights of your plants, then you have the supplies you need to investigate your question with an experiment!",nan,test,Does the basketball bounce higher on gravel or on grass?,Does the basketball bounce higher on a lawn or on a dirt path?,Do larger basketballs bounce higher than smaller basketballs on a brick patio?,nan,Does the basketball bounce higher on gravel or on grass?,1,0,1,1,با استفاده از این وسایل، مبل چه سؤالی را می‌تواند با یک آزمایش بررسی کند؟,1: [گزینه 1 - با توجه به متن اصلی، گزینه ها ارائه نشده است],2: [گزینه 2 - با توجه به متن اصلی، گزینه ها ارائه نشده است],3: [گزینه 3 - با توجه به متن اصلی، گزینه ها ارائه نشده است],4: [گزینه 4 - با توجه به متن اصلی، گزینه ها ارائه نشده است],مبل برای تولدش یک توپ بسکتبال می‌گیرد و آن را در محله‌اش دریبل می‌کند. او متوجه می‌شود که گاهی اوقات توپ بالاتر از دفعات دیگر می‌پرد. او تعجب می‌کند که چه عواملی بر ارتفاع پرش توپ او تأثیر می‌گذارند. بنابراین، او تصمیم می‌گیرد یک آزمایش طراحی کند. او وسایل زیر را در اختیار دارد: یک توپ بسکتبال، دسترسی به یک پاسیو آجری، دسترسی به یک چمنزار علفی، دسترسی به یک جاده خاکی شنی، یک متر.,"[با توجه به متن اصلی، پاسخ ارائه نشده است.  باید بر اساس وسایل موجود و متن، پاسخی که Mabel می تواند با آزمایش به آن برسد، نوشته شود.  مثلاً: ""چه نوع سطحی باعث می‌شود توپ بسکتبال بالاتر بپرد؟""]"
9274,2517,When is Thanksgiving celebrated in the United States?,"['on January 12', 'on the second Sunday of September', 'on the fourth Thursday of November', 'on December 5']",2,nan,closed choice,grade2,social science,civics,Cultural celebrations,Thanksgiving,nan,"This is a symbol of the harvest. It shows fruits and vegetables that are picked in the fall.
In the United States, Thanksgiving is celebrated on the fourth Thursday of November.
In the past, Thanksgiving celebrated the harvest. It celebrated the food that was picked in the fall. So, Thanksgiving is celebrated in the fall, too.",train,on January 12,on the second Sunday of September,on the fourth Thursday of November,on December 5,on the fourth Thursday of November,3,1,0,0,روز شکرگزاری در ایالات متحده آمریکا چه زمانی جشن گرفته می‌شود؟,1: [Option 1 -  This section is irrelevant to the translation and should be removed],2: [Option 2 -  This section is irrelevant to the translation and should be removed],3: [Option 3 -  This section is irrelevant to the translation and should be removed],4: [Option 4 -  This section is irrelevant to the translation and should be removed],,"این نماد برداشت محصول است. میوه‌ها و سبزیجاتی را نشان می‌دهد که در پاییز چیده می‌شوند.
در ایالات متحده آمریکا، روز شکرگزاری در چهارمین پنجشنبه ماه نوامبر جشن گرفته می‌شود.
در گذشته، روز شکرگزاری برداشت محصول را جشن می‌گرفت. غذای چیده شده در پاییز را جشن می‌گرفت. بنابراین، روز شکرگزاری نیز در پاییز جشن گرفته می‌شود."
15530,4231,Which sentence states a fact?,"['Only a fool would travel all the way to China to see rocks.', 'The Stone Forest in southern China is a cluster of ancient limestone pillars.']",1,nan,closed choice,grade5,social science,civics,Social studies skills,Identify facts and opinions,"A fact is something that can be proved to be true. Facts can be proved by observing, measuring, or studying information.
The flag of the United States has 13 stripes.
This is a fact. It can be proved by looking at the flag and counting the number of stripes.
An opinion is something that a person believes, thinks, or feels. An opinion cannot be proved true.
The flag of the United States is easy to draw.
This is an opinion. People may have different opinions about what makes a flag ""easy"" to draw.","The second sentence states a fact.
The Stone Forest in southern China is a cluster of ancient limestone pillars.
It can be proved by reading a travel guide about China.
The first sentence states an opinion.
Only a fool would travel all the way to China to see rocks.
Only a fool shows what a person believes, thinks, or feels. Another person might have a different opinion about what is foolish.",test,Only a fool would travel all the way to China to see rocks.,The Stone Forest in southern China is a cluster of ancient limestone pillars.,nan,nan,The Stone Forest in southern China is a cluster of ancient limestone pillars.,2,1,1,0,کدام جمله، یک واقعیت را بیان می‌کند؟,1: [گزینه 1],2: [گزینه 2],3: [گزینه 3],4: [گزینه 4],[راهنمایی],جمله دوم یک واقعیت را بیان می‌کند.
19438,5285,"Complete the sentence.
Sitting Bull was an important () leader in the 1800s.","['Mexican American', 'Native American', 'Japanese American', 'German American']",1,nan,closed choice,grade2,social science,us-history,Historical figures,Sitting Bull,nan,"Sitting Bull was an important Native American leader in the 1800 s. He was part of the Lakota tribe. The Lakota tribe is part of a larger group of Native Americans called the Sioux.
When was Sitting Bull born?
Historians don't know for sure. The Lakota didn't keep many written records. Sitting Bull guessed he was born in 1831.",train,Mexican American,Native American,Japanese American,German American,Native American,2,1,0,0,جمله را کامل کنید. نشسته گاو یک رهبر مهم () در دهه ۱۸۰۰ بود.,1: [،],2: [،],3: [م],4: [ه],,نشسته گاو یک رهبر مهم بومی آمریکایی در دهه ۱۸۰۰ بود. او بخشی از قبیله لاکوتا بود. قبیله لاکوتا بخشی از گروه بزرگتری از بومیان آمریکایی به نام سو است. نشسته گاو چه زمانی متولد شد؟ مورخان مطمئن نیستند. لاکوتاها اسناد کتبی زیادی نگه نمی داشتند. نشسته گاو حدس زد که در سال ۱۸۳۱ متولد شده است.
12491,3423,"Complete the sentence.
John Deere was a famous ().","['inventor', 'pilot', 'astronaut', 'writer']",0,nan,closed choice,grade2,social science,us-history,Historical figures,John Deere,nan,"John Deere was a famous American inventor. An inventor is someone who comes up with items or ideas that have never been made before.
John Deere was born in 1804.",train,inventor,pilot,astronaut,writer,inventor,1,1,0,0,جمله را کامل کنید. جان دیر یک ( ) مشهور بود.,1: [،],2: [،],3: [i],4: [n],,جان دیر یک مخترع آمریکایی مشهور بود. مخترع کسی است که اشیاء یا ایده‌هایی را ارائه می‌دهد که قبلاً هرگز ساخته نشده‌اند. جان دیر در سال ۱۸۰۴ به دنیا آمد.
19806,5372,Which of the following is an example of technologies?,"['a laptop computer', 'a hurricane that damages homes']",0,"People in early China invented many new types of technologies. Today, the word ""technology"" often refers to electronic objects such as computers and cell phones. But technology can be any device or object that helps people solve problems or complete tasks more easily.",closed choice,grade7,social science,world-history,Early China,Science and technology in early China,nan,nan,train,a laptop computer,a hurricane that damages homes,nan,nan,a laptop computer,1,0,0,1,کدام مورد زیر مثالی از فناوری است؟,1: [ ],2: [ '],3: [ a ],4: [  ],"مردم در چین باستان بسیاری از انواع جدید فناوری را اختراع کردند. امروزه، کلمه ""فناوری"" اغلب به اشیاء الکترونیکی مانند کامپیوتر و تلفن همراه اشاره دارد. اما فناوری می‌تواند هر وسیله یا شیئی باشد که به مردم کمک می‌کند تا مشکلات را حل کنند یا کارها را آسان‌تر انجام دهند.",ندارد
19672,5335,"Ancient China was ruled by dynasties. A dynasty is a line of rulers from the same family, which i often called the royal family. Starting in 1046 BCE, rulers from the Zhou (pronounced JO) dynasty claimed to have something called the Mandate of Heaven. A mandate is the authority to act in a certain way. What did it mean to have the Mandate of Heaven?","['Heaven made the ruler rich.', 'Heaven gave the ruler the authority to rule.', 'Heaven required the ruler to pray every day.', 'Heaven allowed the ruler to act however he wanted.']",1,nan,closed choice,grade7,social science,world-history,Early China,Early Chinese thought,nan,"When a person has a mandate, it means that he or she is allowed to act in a certain way. In ancient China, the Mandate of Heaven meant that a ruler had special authority to rule, and that authority came from heaven.
The Mandate of Heaven gave a ruler permission to act in a certain way, so the ruler was not allowed to act however he wanted. The Mandate of Heaven did not force the ruler to pray or make the ruler rich.
What did ""heaven"" mean in ancient China?
People in ancient China did not think heaven was a place where people went after they died. Instead, heaven was a general force, like the universe or cosmos.",train,Heaven made the ruler rich.,Heaven gave the ruler the authority to rule.,Heaven required the ruler to pray every day.,Heaven allowed the ruler to act however he wanted.,Heaven gave the ruler the authority to rule.,2,1,0,0,"چین باستان توسط سلسله‌ها حکومت می‌شد. سلسله به خطی از فرمانروایان از یک خانواده، که اغلب خانواده سلطنتی نامیده می‌شد، گفته می‌شود. از سال ۱۰۴۶ قبل از میلاد، فرمانروایان سلسله ژو (با تلفظ جو) ادعا می‌کردند که چیزی به نام ""فرمان آسمان"" دارند. فرمان به اختیار عمل کردن به شیوه‌ای خاص گفته می‌شود.  داشتن ""فرمان آسمان"" چه معنایی داشت؟","<!-- Options are not provided in the original question, so they cannot be translated.  The provided ""options"" section appears to be a scrambled set of characters which does not represent actual answer options -->",,,,,"وقتی کسی دارای فرمانی است، به این معنی است که به او اجازه داده شده است به شیوه‌ای خاص عمل کند. در چین باستان، ""فرمان آسمان"" به این معنی بود که یک فرمانروا اختیار ویژه‌ای برای حکومت داشت و این اختیار از آسمان می‌آمد.

فرمان آسمان به فرمانروا اجازه می‌داد به شیوه‌ای خاص عمل کند، بنابراین فرمانروا مجاز نبود هر طور که می‌خواست عمل کند. فرمان آسمان فرمانروا را مجبور به دعا کردن یا ثروتمند شدن نمی‌کرد.

""آسمان"" در چین باستان چه معنایی داشت؟

مردم در چین باستان فکر نمی‌کردند که آسمان جایی است که مردم پس از مرگ به آنجا می‌روند. در عوض، آسمان یک نیروی کلی بود، مانند جهان یا کیهان."
19801,5371,Which kind of place has more restaurants?,"['a rural area', 'an urban area']",1,nan,closed choice,grade2,social science,geography,Geography,"Compare urban, suburban, and rural areas","People around the world live in three main kinds of places: urban areas, suburban areas, and rural areas.
An urban area is a city. It has many people and businesses. The buildings are close to each other. The buildings are often tall and have many floors. Since there are so many people, traffic is usually bad. People will walk or take the bus, train, or subway to avoid traffic.
A suburban area, or suburb, is near a city. It is quieter and less crowded than an urban area. People usually live in houses with yards. Most people drive to get places.
A rural area is less crowded than both urban and suburban areas. Houses are much more spread out. People usually have to drive to get places. People in rural areas often live on farms or ranches.
Some places, like small towns, don't really fit into any of the types. A small town does not have as many people as an urban area, but it has more people than a rural area. It is not near a city, so it is not called a suburb.",Urban areas have more restaurants. There are more people and businesses in urban areas than in rural areas.,train,a rural area,an urban area,nan,nan,an urban area,2,1,1,0,کدام نوع مکان رستوران‌های بیشتری دارد؟,1: [گزینه 1],2: [گزینه 2],3: [گزینه 3],4: [گزینه 4],[راهنمایی],مناطق شهری رستوران‌های بیشتری دارند. در مناطق شهری نسبت به مناطق روستایی، جمعیت و مشاغل بیشتری وجود دارد.
18816,5094,"In which place are cows, horses, and other livestock more common?","['a rural area', 'a suburban area']",0,nan,closed choice,grade2,social science,geography,Geography,"Compare urban, suburban, and rural areas","People around the world live in three main kinds of places: urban areas, suburban areas, and rural areas.
An urban area is a city. It has many people and businesses. The buildings are close to each other. The buildings are often tall and have many floors. Since there are so many people, traffic is usually bad. People will walk or take the bus, train, or subway to avoid traffic.
A suburban area, or suburb, is near a city. It is quieter and less crowded than an urban area. People usually live in houses with yards. Most people drive to get places.
A rural area is less crowded than both urban and suburban areas. Houses are much more spread out. People usually have to drive to get places. People in rural areas often live on farms or ranches.
Some places, like small towns, don't really fit into any of the types. A small town does not have as many people as an urban area, but it has more people than a rural area. It is not near a city, so it is not called a suburb.","Cows, horses, and other livestock are more common in rural areas. They need a lot of open space. Rural areas have a lot of open space. There aren't many buildings or people.",test,a rural area,a suburban area,nan,nan,a rural area,1,1,1,0,گاوها، اسب‌ها و سایر دام‌ها در کدام مکان بیشتر دیده می‌شوند؟,1: [گزینه 1],2: [گزینه 2],3: [گزینه 3],4: [گزینه 4],[راهنمایی],گاوها، اسب‌ها و سایر دام‌ها در مناطق روستایی بیشتر دیده می‌شوند. آن‌ها به فضای باز زیادی نیاز دارند. مناطق روستایی فضای باز زیادی دارند. ساختمان‌ها یا افراد زیادی در آنجا وجود ندارد.
14982,4093,Hanukkah is a holiday in which religion?,"['Islam', 'Judaism', 'Hinduism', 'Christianity']",1,nan,closed choice,grade3,social science,culture,Cultural celebrations,Hanukkah,nan,Hanukkah is a holiday in the religion of Judaism. Followers of Judaism are known as Jews.,train,Islam,Judaism,Hinduism,Christianity,Judaism,2,1,0,0,حنوکا جشن کدام دین است؟,1: [گزینه 1 -  اینجا باید گزینه‌های واقعی باشند، نه حروف بی‌معنی],2: [گزینه 2],3: [گزینه 3],4: [گزینه 4],,حنوکا جشنی در دین یهودیت است. پیروان یهودیت، یهودی نامیده می‌شوند.
2957,794,Christmas is a holiday in which religion?,"['Islam', 'Judaism', 'Hinduism', 'Christianity']",3,nan,closed choice,grade2,social science,culture,Cultural celebrations,Christmas,nan,"Christmas is a holiday in Christianity.
People who believe in Christianity are called Christians. There are Christians all over the world. Christmas is celebrated in many different countries.",train,Islam,Judaism,Hinduism,Christianity,Christianity,4,1,0,0,کریسمس جشن کدام دین است؟,1: [گزینه 1],2: [گزینه 2],3: [گزینه 3],4: [گزینه 4],,کریسمس جشنی در مسیحیت است.  افرادی که به مسیحیت باور دارند، مسیحی نامیده می‌شوند. در سراسر جهان مسیحی وجود دارد. کریسمس در بسیاری از کشورها جشن گرفته می‌شود.
641,182,Why might a person have a limb amputated?,"['After an accident, the limb is too badly injured to heal.', 'The limb has healed from a serious disease.']",0,"If a person's body is damaged, the body can often heal itself. But sometimes, disease or injury can cause damage that is too severe to heal. When a limb is too severely damaged to heal, it may need to be amputated, or removed.
For example, a doctor can treat an infected limb with medicine. But if the infection does not go away, it can spread to the rest of the person's body. To stop the infection from spreading, the infected limb may need to be amputated.
In other cases, when a limb is badly injured, the skin, bones, muscles, and nerves may be severely damaged. If the damaged tissue cannot heal, it may die. The severely damaged or dead tissue then needs to be amputated.",closed choice,grade8,natural science,literacy-in-science,Anatomy and physiology,Science literacy: how does the nervous system produce phantom pain?,nan,nan,test,"After an accident, the limb is too badly injured to heal.",The limb has healed from a serious disease.,nan,nan,"After an accident, the limb is too badly injured to heal.",1,0,0,1,چرا ممکن است فردی نیاز به قطع عضو داشته باشد؟,<!--  The provided options are gibberish and cannot be translated.  Real options would be needed for a proper translation. -->,,,,اگر قسمتی از بدن آسیب ببیند، اغلب بدن می‌تواند خود را ترمیم کند. اما گاهی اوقات، بیماری یا آسیب دیدگی می‌تواند باعث ایجاد آسیبی شود که برای بهبودی خیلی شدید است. وقتی یک عضو به شدت آسیب دیده و قابل بهبود نیست، ممکن است نیاز به قطع عضو یا برداشتن آن باشد. برای مثال، پزشک می‌تواند یک عضو آلوده را با دارو درمان کند. اما اگر عفونت از بین نرود، می‌تواند به بقیه بدن فرد سرایت کند. برای جلوگیری از گسترش عفونت، ممکن است نیاز به قطع عضو آلوده باشد. در موارد دیگر، هنگامی که یک عضو به شدت آسیب می‌بیند، پوست، استخوان‌ها، عضلات و اعصاب ممکن است به شدت آسیب ببینند. اگر بافت آسیب دیده بهبود نیابد، ممکن است از بین برود. سپس بافت آسیب دیده یا مرده باید قطع شود.,
8764,2374,"Complete the paragraph.
A volcano is a (). Volcanoes can erupt. During a volcanic eruption, melted rock () the ground.","[""fire below Earth's surface . . . turns solid below"", ""hole in Earth's surface . . . comes out of"", 'type of melted rock . . . flows into']",1,nan,closed choice,grade2,natural science,literacy-in-science,Earth events,Changes to Earth's surface: volcanic eruptions,nan,"A volcano is a hole in the ground. During a volcanic eruption, melted rock comes out of the ground through a volcano.",train,fire below Earth's surface . . . turns solid below,hole in Earth's surface . . . comes out of,type of melted rock . . . flows into,nan,hole in Earth's surface . . . comes out of,2,1,0,0,"پاراگراف زیر را کامل کنید.
آتشفشان یک ( ) است. آتشفشان‌ها می‌توانند فوران کنند. در طول فوران آتشفشانی، سنگ مذاب از زمین ( ).",1: [ ],2: [ ، ],3: [ ف ],4: [ ا ],,آتشفشان یک سوراخ در زمین است. در طول فوران آتشفشانی، سنگ مذاب از دهانه آتشفشان از زمین خارج می‌شود.
