Passage,Question,Original Answer,Predicted Answer,Option 1,Option 2,Option 3,Option 4,Explanation:,Highlight,Keywords:
بشر هزاران هزار سال از عدسی‌ها برای بزرگ‌نمایی استفاده می‌کرده است. با این حال، اولین تلسکوپ های واقعی در اواخر قرن 16 در اروپا ساخته شدند. در این تلسکوپ از ترکیب دو عدسی استفده شده است تا اجسام دور را هم نزدیکتر و هم بزرگتر نشان دهد.,کدام یک از موارد زیر را انسان‌ها در قرن شانزدهم شروع کردند؟,4,4,استفاده از عدسی‌ها,بزرگنمایی اشیاء,ساخت عدسی‌ها,ساخت تلسکوپ,در متن به صراحت اشاره شده است که ساخت تلسکوپ های واقعی در قرن شانزدهم در اروپا آغاز شد. اگرچه استفاده از عدسی ها و بزرگنمایی اشیاء سابقه ای طولانی تر دارد، اما ساخت تلسکوپ به عنوان یک ابزار اپتیکی پیشرفته، در این دوره زمانی شروع شده است. این تلسکوپ ها با ترکیب دو عدسی، توانایی نمایش اجسام دور را به صورت بزرگتر و نزدیکتر فراهم می کردند. بنابراین، گزینه 4، «ساخت تلسکوپ»، پاسخ صحیح است. ,با این حال، اولین تلسکوپ های واقعی در اواخر قرن 16 در اروپا ساخته شدند.,"['عدسی', 'بزرگنمایی', 'تلسکوپ', 'قرن شانزدهم', 'ساخت']"
گوارانی‌ها مهم‌ترین گروه بومی ساکن پاراگوئه شرقی کنونی بودند که به شکل شکارچیان نیمه کوچ‌نشین زندگی می‌کردند و به کشاورزی معیشتی نیز می‌پرداختند. منطقه چاکو محل اقامت گروه‌های دیگر قبایل بومی مانند Guaycurú و Payaguá بود که با شکار، جمع آوری و ماهیگیری زندگی خود را می‌گذراندند. در قرن 16، پاراگوئه که قبلاً «استان غول پیکر هند» خوانده می شد، در نتیجه برخورد فاتحان اسپانیایی با گروه های بومی متولد شد. اسپانیایی‌ها دوره استعماری را شروع کردند که سه قرن طول کشید. پاراگوئه از زمان تأسیس آسانسیون در سال 1537، توانسته است بسیاری از خصوصیات و شخصیت‌های بومی خود را حفظ کند.,دوران استعمارگری که سه قرن طول کشید توسط کدام گروه شروع شد؟,4,4,پاراگوئه,Guaycurú,گورانی‌ها ,فاتحان اسپانیایی,در متن به صراحت ذکر شده است که دوره استعماری سه قرنه توسط فاتحان اسپانیایی آغاز شد. این دوره از قرن 16 شروع شد و تا قرن 19 ادامه داشت. پاراگوئه در این دوره تحت تسلط امپراتوری اسپانیا بود و به عنوان یکی از مستعمرات آن شناخته می‌شد. گوارانی‌ها و سایر گروه‌های بومی در این دوره تحت تأثیر فرهنگ و زبان اسپانیایی قرار گرفتند و بسیاری از آداب و رسوم خود را از دست دادند. با این حال، برخی از سنت‌ها و زبان بومی تا حدودی حفظ شد. ,اسپانیایی‌ها دوره استعماری را شروع کردند که سه قرن طول کشید.,"['فاتحان اسپانیایی', 'دوره استعماری', 'قرن 16', 'مستعمره', 'گوارانی\u200cها']"
خورشید پوسته‌ای شبیه کره زمین ندارد که بتوانید روی آن بایستید. کل خورشید از گازها، آتش و پلاسما ساخته شده است. هرچه از مرکز خورشید دورتر شوید، این گاز رقیق‌تر می‌شود. وقتی به خورشید نگاه می‌کنیم قسمت بیرونی که می‌بینیم فوتوسفر گفته می‌شود که به معنی «توپ نور» است.,با توجه به متن، کدام قسمت از خورشید از زمین قابل مشاهده است؟,3,3,پوسته,پلاسما,فوتوسفر,مرکز,در متن به وضوح ذکر شده است که «وقتی به خورشید نگاه می‌کنیم قسمت بیرونی که می‌بینیم فوتوسفر گفته می‌شود». این جمله به طور مستقیم نشان می‌دهد که فوتوسفر، قسمتی از خورشید است که از زمین قابل مشاهده است. این بخش به معنی «توپ نور» است و به دلیل ماهیت گازی و آتشین خورشید، تنها بخش قابل مشاهده از آن به حساب می‌آید. ,وقتی به خورشید نگاه می‌کنیم قسمت بیرونی که می‌بینیم فوتوسفر گفته می‌شود,"['فوتوسفر', 'قسمت بیرونی', 'قابل مشاهده']"
آن مرد ظاهراً یک خودروی سه‌چرخ مسلح به مواد منفجره را به داخل جمعیت هدایت کرده بود. مرد مظنون به انفجار بمب، پس از تحمل جراحات ناشی از انفجار، بازداشت شد. اگرچه آنها می‌دانند كه او عضو گروه قومی اویغور است، نام وی هنوز برای مقامات ناشناخته است.,مقامات چه اطلاعاتی درخصوص حمله تأیید کرده بودند؟,2,2,هویت هم‌دست‌ها,قومیت مظنون,انگیزه حمله,نام و نام خانوادگی مظنون,در متن ارائه شده، به دو مورد از اطلاعات تایید شده توسط مقامات اشاره شده است. نخست، مشخص شده است که مرد مظنون به انفجار بمب، عضو گروه قومی اویغور است. دوم، اینکه او پس از جراحات ناشی از انفجار، بازداشت شده است. اما تنها موردی که در سوال مطرح شده و تایید شده است، قومیت مظنون است. بنابراین، پاسخ صحیح، گزینه 2 است. ,مرد مظنون به انفجار بمب، پس از تحمل جراحات ناشی از انفجار، بازداشت شد. اگرچه آنها می‌دانند كه او عضو گروه قومی اویغور است,"['مرد مظنون', 'بازداشت', 'گروه قومی اویغور']"
ما می توانیم زندگی دوستانه تری را با محیط زیست آغاز کنیم، می توانیم به جنبش محیط زیست بپیوندیم و حتی می توانیم برای اینکه تا حدودی آلام آینده را کاهش دهیم، فعال محیط زیست شویم. این دقیقاً مانند بسیاری از موارد درمان حمایتی است. با این وجود، اگر تنها به دنبال یک راه‌حل موقت نباشیم، باید ریشه مشکلات را بیابیم و باید آن‌ها را غیرفعال کنیم. پرواضح است که دنیا به‌خاطر پیشرفت‌های علمی و فناوری بشر تغییر کرده و مشکلات به دلیل جمعیت بسیار زیاد و شیوه زندگی عجیب و غریب بشر، بیشتر شده است.,با توجه به متن، کدام مورد راه‌حلی قابل اجرا برای مسائل زیست‌محیطی در بلندمدت محسوب می‌شود؟,3,3,تحریم انتخاب‌های سبک زندگی مصرف‌گرایانه,کنشگری,یافتن ریشه مسئله,تبدیل شدن به متحد جنبش محیط زیست,در این متن، به دنبال راه‌حلی برای مسائل زیست‌محیطی در بلندمدت هستیم. نویسنده اشاره می‌کند که اگرچه اقداماتی مانند پیوستن به جنبش محیط زیست و کنشگری می‌تواند مفید باشد، اما برای حل ریشه‌ای مشکلات، باید به دنبال یافتن ریشه اصلی آن‌ها باشیم. این استدلال نشان می‌دهد که گزینه 3، یعنی «یافتن ریشه مسئله»، راه‌حلی اساسی و بلندمدت برای مسائل زیست‌محیطی است. با شناسایی و رفع علل اصلی، می‌توانیم تأثیرات پایدار و مؤثری بر بهبود وضعیت محیط زیست داشته باشیم. ,با این وجود، اگر تنها به دنبال یک راه‌حل موقت نباشیم، باید ریشه مشکلات را بیابیم و باید آن‌ها را غیرفعال کنیم.,"['راه\u200cحل موقت', 'ریشه مشکلات', 'فعالیت\u200cهای محیط زیستی', 'مسائل زیست\u200cمحیطی', 'درمان حمایتی']"
ورزش‌های زمستانی روی تپه، از جمله اسکی و اسنوبورد، ورزش‌های پرطرفداری هستند که در آنها با استفاده از چوب اسکی یا اسنوبورد متصل به پاهایتان روی زمین‌های شیب‌دار پوشیده از برف سرمی‌خورید. اسکی فعالیت اصلی سفر است که علاقه‌مندان زیادی دارد و گهگاه با نام «اسکی گردی» شناخته می شود، یعنی برنامه ریزی کل تعطیلات حول محور اسکی کردن در یک محل خاص. ایده اسکی‌بازی خیلی قدیمی است - قدمت نقاشی‌های غارها که اسکی بازها را نشان می‌دهد به 5000 سال قبل از میلاد باز می‌گردد. ورزش اسکی روی تپه حداقل به قرن 17 ام برمی‌گردد، و در سال 1861، اولین باشگاه تفریحی اسکی را نروژی‌ها در استرالیا افتتاح کردند.,مطابق با متن، حدود چه زمانی اسکی‌بازی اولین بار به عنوان ورزش شناخته شد؟,4,4,قرن هجدهم,5000 سال قبل از میلاد,1861,قرن هفدهم,در متن به صراحت اشاره شده است که ورزش اسکی روی تپه **حداقل به قرن 17 ام برمی‌گردد**. اگرچه شواهدی از اسکی بازی در دوران‌های بسیار قدیم‌تر وجود دارد، اما این تاریخ به عنوان اولین مرجع مستند برای ورزش اسکی در نظر گرفته می‌شود. بنابراین، اسکی به عنوان یک ورزش در قرن هفدهم شناخته شد. ,ورزش اسکی روی تپه حداقل به قرن 17 ام برمی‌گردد,"['اسکی', 'ورزش', 'قرن 17 ام']"
ACMA همچنین نتیجه گرفت که علیرغم اینکه این ویدئو در اینترنت پخش شده است ولی Big Brother از قوانین سانسور محتوای آنلاین تخطی نکرده است، زیرا این رسانه‌ها در وب‌سایت Big Brother ذخیره نشده بودند. قانون خدمات پخش مقررات محتوای اینترنتی را مشخص می‌کند، اما وقتی محتوایی جزء محتوای اینترنتی محسوب می‌شود که به‌شکل فیزیکی روی یک سرور مستقر باشد.,برای اینکه رسانه تحت مقوله محتوای اینترنتی لحاظ شود، باید چه پارامترهایی داشته باشد؟,2,2,باید از طریق اینترنت پخش شود,باید به صورت فیزیکی در سروری قرار گیرد,نمی‌تواند روی وبسایت ذخیره شود,باید توسط ACMA تأیید شود,در متن به صراحت بیان شده است که برای اینکه محتوایی تحت قوانین محتوای اینترنتی قرار بگیرد، باید به صورت فیزیکی روی یک سرور قرار گرفته باشد. این شرط به این معنی است که صرف پخش شدن محتوا در اینترنت، آن را در دسته‌بندی محتوای اینترنتی قرار نمی‌دهد. بنابراین، گزینه 2 صحیح است. ,قانون خدمات پخش مقررات محتوای اینترنتی را مشخص می‌کند، اما وقتی محتوایی جزء محتوای اینترنتی محسوب می‌شود که به‌شکل فیزیکی روی یک سرور مستقر باشد.,"['قانون خدمات پخش', 'محتوای اینترنتی', 'سرور', 'ذخیره']"
عرفان عبارت است از جستجوی ارتباط، شناخت یا درک آگاهانه از یک واقعیت، الوهیت، حقیقت معنوی یا خدا. این مؤمن خواستار تجربه، بصیرت یا بینشی مستقیم نسبت به واقعیت الهی/خدا یا خدایان است. پیروان روش‌های خاصی از معاش، یا اعمالی که به قصد شکل دادن این تجارب انجام می‌گیرند، را دنبال می‌کنند. ویژگی که عرفان را از سایر اشکال باورهای مذهبی و عبادی متمایز می‌کند تأکید آن بر تجربه مستقیم شخصی از یک حالت هشیاری منحصربه‌فرد است، بخصوص تجربه‌ای که از خصلت آرامش، بینش، سعادت یا حتی نشاط برخوردار باشد.,با توجه به متن، کدام یک از موارد زیر مورد توجه عرفان نیست؟,2,2,جستجوی شهود به واقعیت الهی,طلب بینش از طریق تجربیات مشترک و همگانی,تأکید بر حالت سعادتمند خودآگاه,طلب درک آگاهانه الوهیت,در متن به صراحت بیان شده است که عرفان بر تجربه مستقیم **شخصی** تأکید دارد. این امر نشان می‌دهد که عرفان به دنبال تجربیات **مشترک و همگانی** نیست. در واقع، عرفان بر تجربه‌های فردی و آگاهی شخصی از واقعیت الهی تمرکز دارد. این نکته عرفان را از سایر اشکال باورهای مذهبی متمایز می‌کند. بنابراین، می‌توان نتیجه گرفت که طلب بینش از طریق تجربیات مشترک و همگانی مورد توجه عرفان نیست.,در عرفان بر تجربه مستقیم **شخصی** تأکید دارد.,"['تجربه مستقیم', 'حالت هشیاری', 'تجربه شخصی', 'تجربیات مشترک']"
محمد عمیقا به امور فراتر از این زندگی دنیوی علاقه مند بود. او عادت داشت که برای تامل به غاری به نام «حرا» در کوه «نور» برود. خود غار که طی اعصار سالم مانده است بیانگر تصور خیلی روشن از گرایش‌های روحانی حضرت محمد دارد. این غار در بالای یکی از کوه‌های شمال مکه واقع شده و به‌طور کامل از باقی نقاط جهان جدا شده است. در حقیقت، حتی اگر کسی بداند که چنین چیزی وجود دارد، پیدا کردنش کار ساده‌ای نیست. وقتی‌که وارد غار شدید، در یک انزوا کامل خواهید بود. هیچ چیزی غیر از آسمان صاف و زیبا در بالای سر و کوه‌های فراوان در اطراف دیده نمی‌شود. از داخل این غار بخش زیادی از این دنیا را نمی‌توان دید یا شنید.,بر اساس متن، غار محمد بیانگر چه چیزی درباره اعمال یا ارزش‌های روحانی او بود؟,1,1,او برای آرامش و انزوا ارزش قائل بود,صدای بیرون به تأمل او کمک می‌کرد,به زمان خیلی کمی برای تنهایی نیاز داشت,نگران این بود که دیده یا شنیده شود,متن به وضوح بیان می‌کند که غار حرا، مکانی منزوی و جدا از دنیای بیرون است. این مکان به دلیل موقعیت جغرافیایی خاص خود، فضایی آرام و جدا از هیاهوی زندگی روزمره فراهم می‌کند. عبارت «در یک انزوا کامل خواهید بود» نشان می‌دهد که این مکان برای تأمل و دوری از مشغله‌های دنیوی مناسب است. بنابراین، می‌توان نتیجه گرفت که محمد به دنبال لحظاتی آرام و دور از دغدغه‌های روزمره بود و این غار، مکانی ایده‌آل برای او به حساب می‌آمد. این موضوع نشان‌دهنده ارزش‌گذاری او بر آرامش و انزوا است. ,در یک انزوا کامل خواهید بود,"['غار حرا', 'انزوا', 'آرامش', 'تأمل']"
کودکان از زمان کودکی نسبت به نژاد و کلیشه های نژادی آگاهی کسب می‌کنند و این کلیشه های نژادی بر رفتار تأثیر می گذارند. برای نمونه، کودکانی که با یک اقلیت‌نژادی شناخته می‌شوند که به‌صورت کلیشه‌ای عملکرد خوبی در مدرسه ندارد، به‌محض اینکه از این کلیشه نژاد خود آگاه می‌شوند تلاش می‌کنند تا عملکرد خوبی در مدرسه نداشته باشند.,با توجه به نظریه ارائه شده در متن، برای کودکانی که با یک اقلیت‌نژادی شناخته می‌شوند که به‌صورت کلیشه‌ای رفتار تهدیدآمیز دارد، چه اتفاقی ممکن است رخ دهد؟,2,2,کودک سعی می‌کند از درگیر شدن در رفتارهای تهدیدآمیز خودداری کند,احتمال بیشتری وجود دارد که کودک درگیر رفتارهای تهدیدآمیز شود,کودک در موقعیت‌های اجتماعی کناره‌گیری می‌کند,کودک از تعامل با سایر اقلیت‌های نژادی امتناع خواهد کرد,در این متن، نظریه‌ای مطرح می‌شود که نشان می‌دهد کودکان تحت تأثیر کلیشه‌های نژادی قرار می‌گیرند و این کلیشه‌ها بر رفتار آنها تأثیرگذار است. به طور خاص، مثال ذکر شده در متن، به کودکانی اشاره دارد که با یک اقلیت نژادی مرتبط هستند و این کلیشه وجود دارد که این گروه نژادی در مدرسه عملکرد ضعیفی دارند. طبق این نظریه، کودکان پس از آگاهی از این کلیشه، ممکن است تلاش کنند تا خود را با آن تطبیق دهند و عملکرد ضعیفی در مدرسه داشته باشند. این مثال، الگوی رفتاری را نشان می‌دهد که در آن کودکان رفتار خود را بر اساس کلیشه‌های نژادی شکل می‌دهند. بنابراین، منطقی است که این الگو را به سایر کلیشه‌های نژادی نیز تعمیم دهیم. در مورد کودکانی که با اقلیت نژادی مرتبط هستند و کلیشه تهدیدآمیز بودن وجود دارد، احتمال بیشتری وجود دارد که کودک نیز درگیر رفتارهای تهدیدآمیز شود، زیرا این کلیشه بر رفتار او تأثیر می‌گذارد. این نظریه نشان می‌دهد که کودکان ممکن است رفتارهایی را تقلید کنند که با کلیشه‌های نژادی مرتبط است. ,کودکان از زمان کودکی نسبت به نژاد و کلیشه های نژادی آگاهی کسب می‌کنند و این کلیشه های نژادی بر رفتار تأثیر می گذارند. برای نمونه، کودکانی که با یک اقلیت‌نژادی شناخته می‌شوند که به‌صورت کلیشه‌ای عملکرد خوبی در مدرسه ندارد، به‌محض اینکه از این کلیشه نژاد خود آگاه می‌شوند تلاش می‌کنند تا عملکرد خوبی در مدرسه نداشته باشند.,"['کلیشه نژادی', 'تأثیر بر رفتار', 'اقلیت نژادی', 'تطبیق رفتار با کلیشه']"
به دستور هروستراتوس، معبد آرتمیس در افسوس در 21 ژوئیه 356 قبل از میلاد آتش زده و تخریب شد. طبق این داستان، انگیزه او کسب شهرت به هر قیمتی بود. افسسیان با عصبانیت اعلام کردند نام هروستراتوس هرگز ثبت نشود. مورخ یونانی استرابو بعداً به نام آن اشاره كرده و اینگونه است كه امروزه آن را می‌شناسیم. در همان شبی که اسکندر مقدونی به دنیا آمد، معبد نابود شد. الکساندر، در جایگاه پادشاه، پیشنهاد کرد که هزینه بازسازی مقبره را بپردازد، اما پیشنهادش رد شد. بعدها پس از مرگ الکساندر، مقبره در سال 323 قبل از میلاد بازسازی شد.,چه کسی باعث آگاهی ما از آتش افروزی است که معبد را ویران کرد؟,3,3,افسسیان,الکساندر,استرابو,آرتمیس,در این متن، به نقش استرابو، مورخ یونانی، در ثبت نام هروستراتوس، عامل آتش‌افروزی معبد آرتمیس، اشاره شده است. استرابو با ذکر نام هروستراتوس، باعث شده است که امروزه از این فرد به عنوان عامل این واقعه آگاهی داشته باشیم. اگرچه افسسیان اعلام کردند که نام هروستراتوس ثبت نشود، اما استرابو با ثبت نام او، این اطلاعات را برای ما حفظ کرده است. بنابراین، استرابو نقش کلیدی در آگاهی ما از این واقعه تاریخی ایفا کرده است. ,مورخ یونانی استرابو بعداً به نام آن اشاره كرده و اینگونه است كه امروزه آن را می‌شناسیم.,"['مورخ یونانی', 'استرابو', 'ثبت نام', 'هروستراتوس', 'آتش\u200cافروزی', 'معبد آرتمیس']"
پیش از این خبرگزاری چینی شینهووا از ربوده شدن هواپیما خبر داده بود. گزارشات بعدی بیان کرد که هواپیما تهدید بمب‌گذاری داشته است و با تغییر مسیر به سمت افغانستان، در قندهار نشسته است. گزارشات اولیه بیان می‌دارد که هواپیما پس از اینکه اجازه فرود اضطراری در اورومچی به آن داده نشده به افغانستان بازگشته بود.,چه چیز در آخرین گزارش از آژانس خبری شینهووا بیان نشد؟,2,2,هواپیما یک تهدید بمب‌گذاری دریافت کرد,هواپیما در اورومچی فرود آمد,مسیر هواپیما به سمت افغانستان عوض شد,هواپیما در قندهار فرود آمد,در این متن، گزارش‌های اولیه نشان می‌دهد که هواپیما اجازه فرود اضطراری در اورومچی را دریافت نکرده است، اما در مورد فرود واقعی در اورومچی صحبتی نشده است. این بخش از متن را در نظر بگیرید: 'گزارشات اولیه بیان می‌دارد که هواپیما پس از اینکه اجازه فرود اضطراری در اورومچی به آن داده نشده به افغانستان بازگشته بود.' این جمله به وضوح نشان می‌دهد که هواپیما در اورومچی فرود نیامده است، اما این اطلاعات در گزارش آژانس خبری شینهووا ذکر نشده است. بنابراین، گزینه 2 صحیح است. ,گزارشات اولیه بیان می‌دارد که هواپیما پس از اینکه اجازه فرود اضطراری در اورومچی به آن داده نشده به افغانستان بازگشته بود.,"['ربوده شدن هواپیما', 'تهدید بمب\u200cگذاری', 'تغییر مسیر', 'افغانستان', 'قندهار', 'اورومچی', 'فرود اضطراری']"
تماشای شکوفه‌های گیلاس (هانامی) از قرن هشتم بخشی از فرهنگ ژاپن بوده است. این مفهوم از چین آمده است که گل منتخبش شکوفه‌های آلو بوده است. در ژاپن، نخستین مراسم شکوفه گیلاس توسط امپراتور و تنها برای خود او و اعضای اشرافی نزدیک به دربار امپراتوری برگزار می‌شود.,چه کسانی میزبان اولین گروه‌های مختص مشاهده شکوفه‌های گیلاس بودند؟,3,3,امپراطور چین,اشراف ژاپنی,امپراطور ژاپن,اشراف چینی,در متن به صراحت آمده است که امپراتور ژاپن میزبان مراسم شکوفه‌های گیلاس بوده است. این مراسم در ابتدا فقط برای امپراتور و اعضای اشرافی نزدیک به دربار امپراتوری برگزار می‌شده است. بنابراین، امپراتور ژاپن میزبان اولین گروه‌های مختص مشاهده شکوفه‌های گیلاس بوده است. ,در ژاپن، نخستین مراسم شکوفه گیلاس توسط امپراتور و تنها برای خود او و اعضای اشرافی نزدیک به دربار امپراتوری برگزار می‌شود.,"['امپراتور', 'دربار امپراتوری', 'اشراف', 'مراسم', 'شکوفه\u200cهای گیلاس']"
برای درک تمپلارها باید زمینه ای که موجب ایجاد این نظم شده است را درک کنید. عصری که این رویدادها در آن اتفاق افتاد را عموما قرون وسطی می‌نامند، دوره‌ای از تاریخ اروپا در قرن یازدهم، دوازدهم، و سیزدهم (1000 تا 1300 پس از میلاد). قرون وسطی بالا بعد از قرون وسطی شکل گرفت و بعد از آن قرون وسطی آخری بود، که توسط کنوانسیون در حدود 1500 به پایان می رسد.,کدام دوره زمانی قبل از عصر تمپلارها بوده است؟,3,3,قرون وسطی اخری,قرن 12ام,قرون وسطی بالا,قرن 13ام,با توجه به متن، دوره‌ای از تاریخ اروپا که قبل از ظهور تمپلارها قرار می‌گیرد، قرون وسطی است. متن به صراحت بیان می‌کند که «عصری که این رویدادها در آن اتفاق افتاد را عموما قرون وسطی می‌نامند». سپس، توضیح می‌دهد که قرون وسطی به سه دوره تقسیم می‌شود: قرون وسطی، قرون وسطی بالا، و قرون وسطی آخری. از آنجایی که قرون وسطی بالا بعد از قرون وسطی اصلی قرار می‌گیرد، می‌توان نتیجه گرفت که این دوره قبل از عصر تمپلارها بوده است. این استدلال با ساختار زمانی ارائه‌شده در متن همخوانی دارد. ,قرون وسطی بالا بعد از قرون وسطی شکل گرفت و بعد از آن قرون وسطی آخری بود,"['قرون وسطی', 'عصر', 'تمپلار', 'قرن یازدهم', 'دوازدهم', 'سیزدهم', 'بالا', 'اخری']"
قبل از رسیدن اسپانیایی‌ها در قرن 16ام، شیلی شمالی تحت حاکمیت اینکا بود درحالیکه قوم ماپوچه در شیلی مرکزی و جنوبی زندگی می‌کردند. ماپوچه همچنین یکی از آخرین گروه‌های بومی آمریکا بودند که بطور کامل در حکومت اسپانیایی‌زبان تا پس از استقلال شیلی جذب نشدند. اگرچه کشور شیلی در 1810 اعلام استقلال کرد(در بحبوحه جنگ‌های ناپلئونی که باعث شد اسپانیا چند سال بدون دولتی با عملکرد مرکزی باقی بماند)، پیروزی قطعی بر اسپانیا تا سال 1818 بدست نیامد.,مطابق متن، کدام‌یک از موارد زیر در سال 1810 رخ نداد؟,2,2,دولت مرکزی وجود نداشت,شیلی بر اسپانیا پیروز شد,جنگ‌های ناپلئونی درحال انجام بود,شیلی اعلام استقلال کرد,در متن به صراحت بیان شده است که شیلی در سال 1810 اعلام استقلال کرد و جنگ‌های ناپلئونی در حال انجام بود. همچنین، اشاره شده است که اسپانیا چند سال بدون دولت مرکزی باقی ماند، اما مشخص نشده است که این اتفاق دقیقاً در سال 1810 رخ داده است. با این حال، مهم‌ترین نکته این است که در متن ذکر شده است که پیروزی قطعی بر اسپانیا تا سال 1818 به دست نیامد. بنابراین، می‌توان نتیجه گرفت که گزینه 2، یعنی پیروزی شیلی بر اسپانیا، در سال 1810 رخ نداده است. ,با این حال، مهم‌ترین نکته این است که در متن ذکر شده است که پیروزی قطعی بر اسپانیا تا سال 1818 به دست نیامد.,"['سال 1810', 'اعلام استقلال', 'جنگ\u200cهای ناپلئونی', 'سال 1818', 'پیروزی بر اسپانیا']"
تیم ملی آفریقای جنوبی تیم ملی راگبی نیوزلند (All Blacks) را در یک مسابقه Tri Nations (سه ملیتی) اتحاد راگبی در ورزشگاه رویال بافوکنگ در راستنبرگ آفریقای جنوبی شکست داد. امتیاز نهایی یک پیروزی یک امتیازی، 21 بر 20 بود و به 15 برد متوالی All Blacks پایان داد. این مسابقه برای تیم اسپرینگ باکس منجر به پنجمین باخت پیاپی آن شد. این یک مسابقه نهایی برای All Blacks بود، که دو هفته پیش قهرمان این جام شده بود. هفته بعد مسابقه نهایی این سری در ورزشگاه الیس پارک در ژوهانسبورگ برگزار می‌شود و تیم ملی راگبی آفریقای جنوبی Springboks با استرالیا بازی می‌کند.,اسپرینگ باکس مسابقه بعدی خود را در کجا بازی خواهد کرد؟,3,3,استرالیا,راستنبرگ,ژوهانسبورگ,نیوزلند,با توجه به متن، مسابقه بعدی تیم اسپرینگ باکس در ورزشگاه الیس پارک در ژوهانسبورگ برگزار می‌شود. این مسابقه در مقابل تیم ملی راگبی استرالیا خواهد بود. بنابراین، پاسخ صحیح، گزینه 3، ژوهانسبورگ است. ,هفته بعد مسابقه نهایی این سری در ورزشگاه الیس پارک در ژوهانسبورگ برگزار می‌شود و تیم ملی راگبی آفریقای جنوبی Springboks با استرالیا بازی می‌کند.,"['اسپرینگ باکس', 'آفریقای جنوبی', 'راگبی', 'ورزشگاه الیس پارک', 'ژوهانسبورگ', 'استرالیا']"
به این پدیده pH شیمیایی گفته می‌شود. می‌توانید یک شاخص با استفاده از آب کلم قرمز درست کنید. آب کلم بسته میزان اسیدی یا بازی (قلیایی) بودن ماده شیمیایی تغییر رنگ می‌دهد. سطح pH توسط مقدار یون‌های هیدروژن (H در pH) در ماده شیمیایی تست‌شده نشان داده می‌شود. یون‌های هیدروژن پروتون‌هایی هستند که الکترون از آنها گرفته شده است (زیرا اتم‌های هیدروژن فقط از یک پروتون و یک الکترون تشکیل می‌شوند).,چه چیزی از یون‌های هیدروژن حذف شد؟,4,4,پروتون,pH,قلیا,الکترون‌ها,در متن به صراحت بیان شده است که یون‌های هیدروژن، پروتون‌هایی هستند که الکترون از آنها گرفته شده است. این توضیح نشان می‌دهد که الکترون‌ها از یون‌های هیدروژن حذف شده‌اند. بنابراین، پاسخ صحیح گزینه 4 است. ,یون‌های هیدروژن پروتون‌هایی هستند که الکترون از آنها گرفته شده است.,"['یون\u200cهای هیدروژن', 'پروتون', 'الکترون', 'pH']"
«هسپرونیکوس الیزابتا» گونه‌ای از تیره «دونده‌خزندگان» است و پسرعموی ولاسیراپتور است. اعتقاد می‌رفت این پرنده شکاری تمام‌پر و خون‌گرم صاف روی دوپایش راه می‌رفته و پنجه‌هایی شبیه ولاسیراپتور داشته است. پنجه دومش بزرگتر بود که سبب نام‌گذاری «Hesperonychus» به معنی «پنجه غربی» شد.,معنای «Hesperonychus» (هسپرونیکوس) از کدام ویژگی فیزیکی این گونه گرفته شده است؟,1,1,پنجه(ها),بدن پوشیده از پر,پاها,منقار,در متن به صراحت آمده است که نام «هسپرونیکوس» از «پنجه غربی» گرفته شده است. این نام‌گذاری به دلیل پنجه‌های این گونه است که یکی از آنها بزرگتر بوده است. بنابراین، ویژگی فیزیکی مورد نظر، پنجه‌های این گونه است. ,اعتقاد می‌رفت این پرنده شکاری تمام‌پر و خون‌گرم صاف روی دوپایش راه می‌رفته و پنجه‌هایی شبیه ولاسیراپتور داشته است. پنجه دومش بزرگتر بود که سبب نام‌گذاری «Hesperonychus» به معنی «پنجه غربی» شد.,"['پنجه', 'هسپرونیکوس', 'نام\u200cگذاری', 'پنجه غربی']"
یک پلیس سابق فیلیپینی با ربودن یک اتوبوس در مانیل، پایتخت فیلیپین، گردشگران هنگ کنگی را به گروگان گرفته است. رونالدو مندوزا با اسلحه M16 خود به گردشگران شلیک کرد. چندین تن از گروگان‌ها نجات یافته‌اند و تاکنون مرگ حداقل شش نفر تایید شده است. شش گروگان شامل كودكان و سالمندان، همینطور عكاسان فیلیپینی، در ابتدا آزاد شدند. عکاس‌ها سپس جای یک زن سالخورده که نیاز به دستشویی داشت را گرفتند. مندوزا با گلوله از پای درآورده شد.,با توجه به متن، رولاندو مندوزا چه کسی را گروگان نگرفت؟,2,4,گردشگران,پلیس,کودکان,عکاسان,در متن به صراحت گفته شده است که مندوزا گردشگران را به گروگان گرفته است، اما در ادامه توضیح داده می‌شود که عکاسان در ابتدا آزاد شدند و حتی به عنوان گروگان جایگزین نیز حضور داشتند. بنابراین، مندوزا عکاسان را به عنوان گروگان نگرفت. همچنین، هیچ اشاره‌ای به گروگان گرفتن کودکان یا پلیس‌ها نشده است. بنابراین، گزینه 4 (عکاسان) صحیح است.,عکاسان در ابتدا آزاد شدند و حتی به عنوان گروگان جایگزین نیز حضور داشتند.,"['گروگان', 'گردشگران', 'عکاسان', 'کودکان', 'پلیس']"
هدف اصلی علم کشف نحوه کار جهان از طریق روش علمی است. این روش در واقع اکثر تحقیقات علمی را هدایت می‌کند. با این‌حال این مورد به تنهایی نیست، آزمایش و یک تجربه است که برای از بین بردن یک یا چند فرضیه احتمالی، پرسیدن سؤال‌ها و ایجاد مشاهدات و نیز هدایت تحقیقات علمی لازم است.,با توجه به این متن، چه چیزی به هدایت تحقیقات علمی کمک نمی‌کند؟,1,1,روش علمی به تنهایی,انجام مشاهدات,حذف فرضیه‌های ممکن,انجام آزمایشات,در این متن به روشنی بیان شده است که روش علمی به تنهایی برای هدایت تحقیقات علمی کافی نیست. اگرچه روش علمی اکثر تحقیقات را هدایت می‌کند، اما این متن تاکید دارد که آزمایش، تجربه، پرسیدن سوالات، انجام مشاهدات و حذف فرضیه‌های احتمالی نیز در این فرایند نقش دارند. بنابراین، گزینه 1 (روش علمی به تنهایی) صحیح است، زیرا متن به صراحت بیان می‌کند که روش علمی به تنهایی برای هدایت تحقیقات کافی نیست و سایر مراحل نیز ضروری هستند. ,با این‌حال این مورد به تنهایی نیست، آزمایش و یک تجربه است که برای از بین بردن یک یا چند فرضیه احتمالی، پرسیدن سؤال‌ها و ایجاد مشاهدات و نیز هدایت تحقیقات علمی لازم است.,"['روش علمی', 'تحقیقات علمی', 'آزمایش', 'مشاهدات', 'فرضیه', 'تجربه']"
وقتی با کسی تماس می‌گیرید که هزاران مایل با شما فاصله دارد، دارید از ماهواره استفاده می‌کنید. ماهواره در فضا تماس را دریافت می‌کند و آن را تقریباً به‌صورت آنی به پایین منعکس می‌کند. این ماهواره توسط یک موشک به فضا فرستاده شد. دانشمندان از تلسکوپ‌ها در فضا استفاده می‌کنند زیرا جو زمین برخی از نورها و تصاویر را تحریف می‌کند. برای قرار دادن یک ماهواره یا تلسکوپ در فضا نیاز به موشکی بزرگ با ارتفاع بیش از 100 پا می‌باشد.,کدام مورد نشانگر انعکاس تماس‌ از راه دور به پایین در زمین است؟,2,2,تلسکوپ‌ها,ماهواره‌ها ,چراغ‌ها,موشک‌ها,در متن ارائه شده، به وضوح بیان شده است که ماهواره‌ها مسئولیت دریافت و انعکاس تماس‌های دوربرد را بر عهده دارند. این ماهواره‌ها تماس‌ها را به‌صورت آنی به پایین، یعنی به سمت زمین، منعکس می‌کنند. این فرآیند به دلیل قرارگیری ماهواره‌ها در فضا و دوری از جو زمین، که می‌تواند باعث تحریف سیگنال‌ها شود، امکان‌پذیر است. بنابراین، ماهواره‌ها نقش حیاتی در برقراری ارتباطات از راه دور ایفا می‌کنند. ,ماهواره در فضا تماس را دریافت می‌کند و آن را تقریباً به‌صورت آنی به پایین منعکس می‌کند.,"['ماهواره', 'انعکاس تماس', 'فضا', 'ارتباطات از راه دور', 'جو زمین']"
اکثر معابد یک جشنواره سالانه دارند که از آخر ماه نوامبر تا وسط ماه مه ادامه دارد و طبق تقویم سالانه هر معبد متفاوت است. اکثر جشنواره‌های معبد به‌عنوان بخشی از جشن سالگرد معبد یا زادروز خدای حاکم یا هر رویداد مهم مرتبط با معبد برگزار می‌شود. جشنواره‌های معبد کرالا با داشتن موکب‌های منظم از فیل‌های مزین، ارکستر معبد و دیگر مراسم، رویدادی بسیار دیدنی هستند.,کدام رویداد مرتبط با جشن گرفتن جشنواره‌های معبد نیست؟,1,1,تولد فیل,سالگرد معبد,زادروز خدای حاکم,رویدادهای مهم مربوط به معبد,در متن ارائه شده، به طور مشخص به جشنواره‌های معبد در کرالا و ویژگی‌های آن اشاره شده است. جشنواره‌های معبد به طور معمول به مناسبت‌های خاصی برگزار می‌شوند که شامل جشن سالگرد معبد، زادروز خدای حاکم، یا رویدادهای مهم مرتبط با معبد است. هیچ اشاره‌ای به تولد فیل به عنوان بخشی از این جشنواره‌ها نشده است. بنابراین، تولد فیل ارتباطی با جشن گرفتن جشنواره‌های معبد ندارد.,جشنواره‌های معبد به طور معمول به مناسبت‌های خاصی برگزار می‌شوند که شامل جشن سالگرد معبد، زادروز خدای حاکم، یا رویدادهای مهم مرتبط با معبد است.,"['جشنواره\u200cهای معبد', 'سالگرد معبد', 'زادروز خدای حاکم', 'رویدادهای مهم معبد']"
آنفولانزای مرغی، یا به‌اصطلاح رسمی‌تر آن آنفولانزای پرندگان، می‌تواند سبب ابتلای پرندگان و نیز پستانداران شود. تاکنون کمتر از هزار مورد در انسان گزارش شده است، اما برخی از آنها کشنده بوده است. بیشتر آنها افرادی را درگیر کرده‌اند که با مرغداری کار می‌کنند، اما خطراتی برای پرنده‌نگری نیز وجود دارد.,مطابق با متن، کدام‌یک از عبارت‌های زیر آنفولانزای پرندگان را به‌طور دقیق توصیف می‌کند؟,3,3,فقط کارکنان مرغداری به آنفولانزا مبتلا شده‌اند,موارد بیشتری در انسان‌ها نسبت به پرنده‌ها گزارش شده است,تماشاکنندگان پرندگان در خطر مبتلا شدن هستند,تمام موارد گزارش شده در انسان‌ها مرگبار بوده است,در متن ذکر شده است که آنفولانزای پرندگان می‌تواند هم پرندگان و هم پستانداران را مبتلا کند. اگرچه بیشتر موارد گزارش شده مربوط به کارکنان مرغداری است، اما به صراحت به این نکته اشاره شده که «خطراتی برای پرنده‌نگری نیز وجود دارد». این جمله نشان می‌دهد که تماشاکنندگان پرندگان نیز در معرض خطر ابتلا به این بیماری هستند. بنابراین، گزینه 3 به‌طور دقیق‌تر آنفولانزای پرندگان را توصیف می‌کند. ,اما به صراحت به این نکته اشاره شده که «خطراتی برای پرنده‌نگری نیز وجود دارد».,"['پرندگان', 'پستانداران', 'مرغداری', 'پرنده\u200cنگری']"
در طی سه دهه آخر، علیرغم اینکه چین رسماً دولت کمونیستی مانده است، نوعی اقتصاد بازار را توسعه داده است. اولین اصلاحات اقتصادی تحت رهبری «دنگ شیائوپینگ» صورت گرفت. از آن زمان به بعد، اقتصاد چین 90 برابر شده است. سال گذشته چین برای اولین بار خودروهای بیشتری از آلمان صادر کرد و ایالات متحده که بزرگترین بازار این صنعت را دارد را مغلوب کرد. تولید ناخالص داخلی چین توانست طی دو دهه از ایالات متحده بالاتر شود.,با توجه به متن، کدام یک از عبارات زیر به درستی نشانگر اقتصاد چین نیست؟,4,4,اقتصاد چین از زمان انجام اصلاحات به طور تصاعدی رشد کرده است,چین بازار بزرگتری برای صادرات خودرو نسبت به ایالات متحده دارد,چین در نهایت توانست GDP بزرگتری نسبت به ایالات متحده داشته باشد,چین هرگز بیشتر از آلمان خودرو صادر نکرده است,در متن ذکر شده است که «سال گذشته چین برای اولین بار خودروهای بیشتری از آلمان صادر کرد». این جمله به وضوح نشان می‌دهد که چین در سال‌های قبل، هرگز بیشتر از آلمان خودرو صادر نکرده بود. بنابراین، گزینه 4 به درستی نشانگر اقتصاد چین نیست. در مقابل، گزینه‌های 1، 2 و 3 با اطلاعات متن مطابقت دارند. برای مثال، رشد تصاعدی اقتصاد چین از زمان اصلاحات، در جمله «از آن زمان به بعد، اقتصاد چین 90 برابر شده است» نشان داده شده است. همچنین، اینکه چین بازار بزرگتری برای صادرات خودرو نسبت به ایالات متحده دارد، در جمله «ایالات متحده که بزرگترین بازار این صنعت را دارد را مغلوب کرد» به طور ضمنی بیان شده است. و در نهایت، اینکه چین توانست GDP بزرگتری نسبت به ایالات متحده داشته باشد، در جمله «تولید ناخالص داخلی چین توانست طی دو دهه از ایالات متحده بالاتر شود» به وضوح ذکر شده است.,سال گذشته چین برای اولین بار خودروهای بیشتری از آلمان صادر کرد,"['اصلاحات اقتصادی', 'رشد اقتصاد', 'صادرات خودرو', 'GDP', 'دنگ شیائوپینگ']"
سپاه مهندسی ارتش ایالات متحده تخمین زده که 6 اینچ باران می‌تواند از آب‌بندهای از قبل‌آسیب‌دیده نفوذ کند. بخش «ناینت وارد» (Ninth Ward) که در زمان توفان کاترینا شاهد سیل به بلندی 20 فوت بود اکنون با سر ریز شدن آببند اطراف تا کمر در آب فرو رفته است. در قسمتی به عرض 100 فوت، آب در حال ریختن به داخل خاکریز است.,در طول طوفان کاترینا، در Ninth Ward چه اتفاقی رخ داد؟,3,3,آب سیل 100 فوت عرض داشت,آب با ارتفاع تا کمر از روی آب‌بند گذشت,آب‌های سیل 20 فوت ارتفاع داشت,6 اینچ بارندگی از آب‌بند آسیب‌دیده نفوذ کرد,با توجه به متن، در بخش Ninth Ward در زمان طوفان کاترینا، سیل به بلندی 20 فوت رخ داده است. این جمله به طور مستقیم اشاره دارد که در این منطقه، آب سیل به ارتفاع 20 فوت رسیده بود. بنابراین، گزینه 3 صحیح است. ,سیل به بلندی 20 فوت بود,"['ناینت وارد', 'طوفان کاترینا', 'سیل', 'ارتفاع', 'آب\u200cبند']"
پس از وقوع تصادف، «گیبسون» به بیمارستان منتقل شد ولی کمی پس از آن درگذشت. راننده کامیونی که 64 سال سن دارد در تصادف زخمی نشد. خود خودرو تقریباً‌ ساعت 1200 گرینویچ همان روز از صحنه تصادف برده شد. شخصی که در یک گاراژ نزدیک محل وقوع تصادف کار می‌کرد گفت: «کودکان منتظر بودند که از جاده عبور کنند و همگی جیغ می‌زدند و گریه می‌کردند.» آنها همگی از محلی که حادثه رخ داده بود با دویدن به عقب رفتند.,چه کسی در تصادف صدمه دید؟,1,1,«گیبسون»,کارگر گاراژ,کودکان,راننده کامیون,در متن اشاره شده است که «گیبسون» پس از تصادف به بیمارستان منتقل شد و کمی بعد درگذشت. این نشان می‌دهد که او در تصادف صدمه دیده است. راننده کامیون و کارگر گاراژ هر دو بدون صدمه بوده‌اند و کودکان نیز به نظر می‌رسد که فقط از نظر روانی تحت تاثیر قرار گرفته‌اند و صدمه فیزیکی ندیده‌اند. بنابراین، «گیبسون» تنها فردی است که در تصادف صدمه دیده است.,«گیبسون» به بیمارستان منتقل شد ولی کمی پس از آن درگذشت.,"['تصادف', 'صدمه', 'بیمارستان', 'درگذشت', 'زخمی', 'گریه', 'جیغ']"
الگوهای فکری همگرا روش‌هایی از حل مسئله هستند که ایده‌ها یا رشته‌های متفاوت را برای حل یک مسئله ادغام می‌کنند. تمرکز این طرز فکر بر روی سرعت، منطق و دقت است، همچنین شناسایی حقایق، استفاده مجدد از تکنیک های موجود، جمع آوری اطلاعات. مهمترین فاکتور این نگرش فکری این است که فقط یک پاسخ صحیح وجود دارد. فقط به دو پاسخ فکر می‌کنید، یعنی درست یا غلط. این نوع تفکر وابسته به بعضی رویه‌های علمی یا استاندارد است. افرادی با این نوع تفکر دارای تفکر منطقی هستند و قادرند الگوها را بخاطر بسپارند، مسائل را حل کنند و روی تست‌های علمی کار کنند.,با توجه به متن، کدام یک تمرکز الگوهای فکری همگرا در نظر گرفته نمی‌شود؟,2,2,درک اینکه تنها یک پاسخ صحیح وجود دارد,وقت گذاشتن,شناسایی حقایق,جمع‌آوری اطلاعات,در متن ذکر شده است که الگوهای فکری همگرا بر روی سرعت، منطق و دقت تمرکز دارند. همچنین، شناسایی حقایق و جمع‌آوری اطلاعات از دیگر جنبه‌های مورد توجه این نوع تفکر است. اما هیچ اشاره‌ای به «وقت گذاشتن» به عنوان تمرکز این الگوها نشده است. در واقع، این نوع تفکر بر پایه سرعت عمل و کارایی بالا بنا شده است، که نشان می‌دهد وقت گذاشتن ممکن است در اولویت نباشد. بنابراین، گزینه 2 صحیح است. ,تمرکز این طرز فکر بر روی سرعت، منطق و دقت است، همچنین شناسایی حقایق، استفاده مجدد از تکنیک های موجود، جمع آوری اطلاعات.,"['سرعت', 'منطق', 'دقت', 'شناسایی حقایق', 'جمع آوری اطلاعات', 'فقط یک پاسخ صحیح']"
شرکت‌های رسانه‌ای مرتب درباره هدف آن دروغ می‌گویند و ادعا می‌کنند که این کار برای «جلوگیری از دزدی دریایی» است. در حقیقت کدهای منطقه‌ای مطلقاً تأثیری بر کپی غیرقانونی ندارد؛ کپی بیت به بیت یک دیسک به خوبی روی دستگاه پخش‌کننده اورجینال پخش خواهد شد. هدف واقعی کنترل بیشتر آن شرکت‌ها بر بازارهایشان می‌باشد؛ همه‌اش بخاطر پول بیشتر درآوردن است.,مطابق با متن، کدهای منطقه‌ای درواقع به چه چیز کمک می‌کنند؟,2,2,کپی کردن دیسک,کنترل بازار,جلوگیری از نشر غیرمجاز,کپی‌برداری غیرقانونی,در این متن، به صراحت بیان شده است که هدف واقعی از استفاده از کدهای منطقه‌ای، «کنترل بیشتر شرکت‌های رسانه‌ای بر بازارهایشان» است. این استراتژی به شرکت‌ها اجازه می‌دهد تا بر توزیع و فروش محصولات خود نظارت بیشتری داشته باشند و در نتیجه، درآمد بیشتری کسب کنند. بنابراین، کدهای منطقه‌ای در واقع به کنترل بازار کمک می‌کنند. این استراتژی ممکن است به شرکت‌ها در مدیریت بهتر فروش و توزیع محصولاتشان کمک کند، اما تأثیری بر جلوگیری از کپی غیرقانونی ندارد. ,هدف واقعی کنترل بیشتر آن شرکت‌ها بر بازارهایشان می‌باشد؛ همه‌اش بخاطر پول بیشتر درآوردن است.,"['هدف واقعی', 'کنترل بیشتر', 'بازار', 'پول']"
سفر با هواپیما می‌تواند برای افراد از تمام سنین و پیش‌زمینه‌ها تجربه‌ای ترسناک باشد، بویژه اگر قبلاً‌ پرواز نکرده باشند یا سانحه دلخراشی را تجربه کرده باشند. این چیزی نیست که از آن شرمنده باشی: این متفاوت از ترس شخصی و نفرت از چیزهای دیگر که در بسیاری از افراد وجود دارد، نیست. برای برخی،‌ فهم چگونگی کار کردن هواپیما و اتفاقاتی که طی پرواز رخ می‌دهد شاید بتواند به غلبه بر ترسی کمک کند که ناشی از دنیای ناشناخته‌ها و عدم داشتن کنترل است.,تحت چه شرایطی احتمالاً دانستن نحوه کارکرد داخلی هواپیما برای مسافر مضطرب آن مفید خواهد بود؟,2,2,اگر مسافر از ترس خود خجالت‌زده باشد,اگر نفرت او از پرواز ناشی از ترس از ناشناخته‌ها باشد,اگر مسافر مخالف هر نوع وسیله نقلیه باشد,اگر ریشه اضطراب او از رخدادهای ترومای نامربوط به پرواز باشد,در متن ارائه شده، به وضوح اشاره شده است که دانستن نحوه کارکرد هواپیما می‌تواند به افرادی که از ناشناخته‌ها و عدم کنترل در حین پرواز می‌ترسند، کمک کند. این ترس از ناشناخته‌ها، به طور خاص مورد اشاره قرار گرفته و توضیح داده شده است که چگونه آگاهی از فرآیندهای پرواز می‌تواند این ترس را کاهش دهد. بنابراین، گزینه 2 به طور مستقیم با این مفهوم ارتباط دارد. این ایده که ترس از ناشناخته‌ها می‌تواند با درک بهتر فرآیندهای پرواز کاهش یابد، کلید اصلی در این متن است. این استدلال نشان می‌دهد که دانستن جزئیات بیشتر می‌تواند به مسافران مضطرب کمک کند تا احساس آرامش بیشتری داشته باشند. ,این چیزی نیست که از آن شرمنده باشی: این متفاوت از ترس شخصی و نفرت از چیزهای دیگر که در بسیاری از افراد وجود دارد، نیست. برای برخی،‌ فهم چگونگی کار کردن هواپیما و اتفاقاتی که طی پرواز رخ می‌دهد شاید بتواند به غلبه بر ترسی کمک کند که ناشی از دنیای ناشناخته‌ها و عدم داشتن کنترل است.,"['ترس', 'ناشناخته\u200cها', 'عدم کنترل', 'فهم چگونگی کار کردن هواپیما', 'اتفاقات پرواز']"
بازیکن منتخب امروز، الکس اوچکین از Washington Capitals است. او در برد 5-3 واشینگتن مقابل «آتلانتا تراشرز» 2 گل زد و 2 پاس گل داد. پاس گل اوچکین در آن شب موجب گل پیروزی‌ بخشی شد که توسط نیکلاس بکستروم تازه‌کار زده شد. دومین گل آن شب او شصتمین گل فصلش بود، و بدین ترتیب اولین بازیکنی شد که بعد از سال 96-1995، زمانی که جارومیر جاگر و ماریو لمیوکس هرکدام به آن رکورد دست یافتند، حداقل 60 گل در یک فصل به ثمر رسانده است.,چه کسی گل شصتم فصل را در طول بازی Capitals درمقابل تراشرز به ثمر رساند؟,3,3,ماریو لمیوکس,جارومیر جاگر,الکس اوچکین,نیکلاس بکستروم,در متن مشخص شده است که الکس اوچکین دومین گل آن شب را زد که شصتمین گل فصلش بود. بنابراین، او در طول بازی Capitals در مقابل تراشرز، گل شصتم فصل را به ثمر رساند. ,دومین گل آن شب او شصتمین گل فصلش بود,"['الکس اوچکین', 'شصتمین گل فصل', 'واشینگتن کپیتالز', 'تراشرز']"
تقریباً از همان ابتدا شرایط برای ایتالیایی‌ها در شمال آفریقا خوب پیش نرفت. در یک هفته‌ای که از اعلام جنگ ایتالیا در 10 ژوئن 1940 اعلام شد، نیروهای 11th Hussars بریتانیا موق شدند Fort Capuzzo را در لیبی تصرف کنند. در کمین شرق بردیا، انگلیسی‌ها مهندس ارشد ارتش دهم ایتالیا، ژنرال لاستوچی را به اسارت گرفتند. در 28 ژوئن، مارشال ایتالو بالبو، حاکم کل لیبی و وارث ظاهری موسولینی، هنگام فرود در طبرق با آتش خودی کشته شد.,چه اتفاقی برای مهندس ارشد ارتش دهم ایتالیا افتاد؟,3,3,در Fort Capuzzo به اسارت گرفته شد,در طبرق کشته شد,توسط بریتانیایی‌ها به اسارت گرفته شد,با آتش خودی کشته شد,در متن به صراحت ذکر شده است که در کمین شرق بردیا، انگلیسی‌ها مهندس ارشد ارتش دهم ایتالیا، ژنرال لاستوچی را به اسارت گرفتند. این اتفاق در همان هفته‌ای رخ داد که ایتالیا در 10 ژوئن 1940 اعلام جنگ کرد. بنابراین، پاسخ صحیح گزینه 3 است. این اتفاق نشان‌دهنده موفقیت نیروهای بریتانیایی در به اسارت گرفتن یکی از مقامات ارشد ارتش ایتالیا در اوایل جنگ است.,در کمین شرق بردیا، انگلیسی‌ها مهندس ارشد ارتش دهم ایتالیا، ژنرال لاستوچی را به اسارت گرفتند.,"['ارتش دهم ایتالیا', 'ژنرال لاستوچی', 'به اسارت گرفته شد', 'بریتانیایی\u200cها', '10 ژوئن 1940']"
کازینوها معمولاً تلاش فراوان می‌کنند تا زمان و پولی که مهمان‌ها صرف می‌کنند به حداکثر برسد. پنجره‌ و ساعت معمولاً وجود ندارد و راه خروجی‌ها به سختی یافت می‌شود. آنها معمولاً غذا، نوشیدنی و سرگرمی ویژه‌ای ارائه می‌دهند تا مهمان‌ها سرحال باشند و در محل بمانند. برخی سالن‌ها مشروبات الکلی ارائه می دهند. با این حال، مستی قضاوت را مختل می کند، و همه قماربازان خوب اهمیت هوشیار بودن را می دانند.,مطابق با متن، قمارباز هوشمند از چه چیز باید اجتناب کند؟,1,1,نوشیدن الکل زیاد,قبول هر مشوقی,بررسی ساعت,پرسیدن درباره نزدیکترین خروجی,در متن به این نکته اشاره شده است که «مستی قضاوت را مختل می‌کند». این جمله نشان می‌دهد که مصرف الکل زیاد می‌تواند بر قضاوت قمارباز تاثیر منفی بگذارد و به همین دلیل، قمارباز هوشمند باید از نوشیدن الکل زیاد اجتناب کند. این استراتژی به او کمک می‌کند تا هوشیاری خود را حفظ کند و تصمیمات بهتری در قمار بگیرد. همچنین، این جمله نشان می‌دهد که مصرف الکل می‌تواند یکی از عوامل اصلی در از دست دادن کنترل و قضاوت درست در قمار باشد. ,مستی قضاوت را مختل می‌کند,"['مستی', 'قضاوت', 'هوشیار بودن', 'الکل']"
ACMA همچنین نتیجه گرفت که علیرغم اینکه این ویدئو در اینترنت پخش شده است ولی Big Brother از قوانین سانسور محتوای آنلاین تخطی نکرده است، زیرا این رسانه‌ها در وب‌سایت Big Brother ذخیره نشده بودند. قانون خدمات پخش مقررات محتوای اینترنتی را مشخص می‌کند، اما وقتی محتوایی جزء محتوای اینترنتی محسوب می‌شود که به‌شکل فیزیکی روی یک سرور مستقر باشد.,یافته‌های ACMA در رابطه با Big Brother چه بود؟,1,1,قوانین سانسور نقض نشده بود,مشخص شد که رسانه در وب‌سایت Big Brother ذخیره شده است,قوانین سانسور نقض شده بود,مشخص شد که محتوا به صورت فیزیکی در یک سرور قرار گرفته است,در متن ارائه شده، ACMA به این نتیجه می‌رسد که Big Brother قوانین سانسور محتوای آنلاین را نقض نکرده است. دلیل این امر آن است که رسانه‌های مورد بحث در وب‌سایت Big Brother ذخیره نشده بودند. این استدلال نشان می‌دهد که ACMA بر این باور است که قوانین سانسور در مورد محتوای آنلاین فقط زمانی اعمال می‌شود که محتوا به صورت فیزیکی روی یک سرور قرار داشته باشد. بنابراین، پاسخ صحیح گزینه 1 است. ,قانون خدمات پخش مقررات محتوای اینترنتی را مشخص می‌کند، اما وقتی محتوایی جزء محتوای اینترنتی محسوب می‌شود که به‌شکل فیزیکی روی یک سرور مستقر باشد.,"['قوانین سانسور', 'محتوای آنلاین', 'سرور', 'ACMA', 'Big Brother']"
در جلسه ارائه راهبردی نمایشگاه بازی‌های توکیو در روز پنجشنبه، رئیس شرکت نینتندو آقای «ساترو ایواتا» از طراحی دسته کنسول «Nintendo Revolution» که کنسول جدید این شرکت است رونمایی کرد. این کنترلر شبیه به ریموت کنترل تلویزیون است و از دو سنسور که در نزدیکی تلویزیون کاربر قرار داده شده و علم مثلثات برای تعیین موقعیت خود در فضای سه بعدی استفاده می‌کند. این به بازیکنان امکان خواهد داد تا اقدامات و حرکت‌ها را در بازی‌های ویدئویی توسط حرکت دستگاه در هوا کنترل کنند.,بازیکن به چه چیزی نیاز خواهد داشت تا حرکات را درطول یک بازی ویدئویی کنترل کند؟,4,4,اطمینان از اینکه سنسورهای کنترلر نزدیک کنسول قرار گیرند,مثلثی کردن موقعیت آنها,قرار دادن سنسورها نزدیک تلویزیون,حرکت دادن کنترلر در هوا,در این متن، به فناوری جدیدی در کنترلر کنسول Nintendo Revolution اشاره شده است که به بازیکنان اجازه می‌دهد تا با حرکت دادن دستگاه در هوا، حرکات و اقدامات را در بازی‌های ویدئویی کنترل کنند. این فناوری مبتنی بر سنسورهایی است که موقعیت خود را در فضای سه بعدی محاسبه می‌کنند. بنابراین، پاسخ صحیح، گزینه 4 است: 'حرکت دادن کنترلر در هوا'.,این به بازیکنان امکان خواهد داد تا اقدامات و حرکت‌ها را در بازی‌های ویدئویی توسط حرکت دستگاه در هوا کنترل کنند.,"['کنترلر', 'سنسور', 'حرکت در هوا', 'کنترل بازی', 'Nintendo Revolution']"
او به همراه آن مقامات به شهروندان تگزاس اطمینان خاطر داد که اقداماتی برای حفاظت از ایمنی عمومی در حال انجام است. «پری» بویژه بیان کرد: «کمتر مکانی در دنیا مجهزتر از اینجا وجود دارد که برای مقابله با این مورد چالش‌انگیز آمادگی داشته باشد.» فرماندار همچنین اظهار داشت: «امروز دریافتیم که برخی از کودکان مدرسه‌ای شناسایی شده‌اند که با بیمار تماس داشته‌اند.» وی در ادامه گفت: «این پرونده جدی است. مطمئن باشید سیستم ما آنطور که باید کار می‌کند.»,مطابق با متن، فرماندار هنگام سخنرانی برای شهروندان تگزاس چه تضمینی نداد؟,4,4,سیستم به‌خوبی کار می‌کند,کارهایی برای حفاظت از ایمنی عموم درحال انجام است,آنها ابزار لازم را برای رویارویی با این چالش دارند,این پرونده جدی نیست,در این متن، فرماندار «پری» به شهروندان تگزاس اطمینان می‌دهد که اقداماتی برای حفظ ایمنی عمومی در حال انجام است و سیستم به خوبی عمل می‌کند. او همچنین تأکید می‌کند که این پرونده جدی است. اما در هیچ بخشی از متن، فرماندار تضمینی در مورد جدی نبودن پرونده نمی‌دهد. برعکس، او بر اهمیت و چالش‌برانگیز بودن آن تأکید می‌کند. بنابراین، گزینه 4 صحیح است. ,مطمئن باشید سیستم ما آنطور که باید کار می‌کند. این پرونده جدی است.,"['تضمین', 'فرماندار', 'ایمنی عمومی', 'سیستم', 'پرونده', 'جدی']"
بدلیل قرار گرفتن اوکلند بین دو بندرگاه، ساحل‌های بسیاری وجود دارند. محبوب‌ترین آنها در سه ناحیه قرار دارند. سواحل نورث شور (در منطقه نورث هاربر) در اقیانوس آرام است و از لانگ بی در شمال تا دونپورت در جنوب امتداد دارد. آنها تقریباً همه سواحل شنی هستند که شنا در آنها ایمن است و اکثر آنها دارای سایه درختان پوهوتوکاوا است. سواحل تاماکی درایو در بندر وایتماتا، در حومه شهرهای معروف میشن بی و سنت هلییرز در اوکلند مرکزی قرار دارند. اینها سواحل خانوادگی هستند که گاهی اوقات شلوغند و دارای فروشگاه های خوبی در امتداد ساحل می‌باشند. شنا کردن بی خطر است.,مطابق با متن، شرایط شنا احتمالاً در کجا ایمن‌تر است؟,3,2,دونپورت,منطقه نورث هاربر,اوکلند مرکزی,لانگ‌بی,در متن به صراحت بیان شده است که سواحل نورث شور، که در منطقه نورث هاربر قرار دارند، برای شنا ایمن هستند. این سواحل شنی بوده و سایه درختان پوهوتوکاوا را نیز دارا می‌باشند. در حالی که سواحل تاماکی درایو در اوکلند مرکزی نیز برای شنا ایمن هستند، اما به نظر می‌رسد سواحل نورث شور به دلیل ویژگی‌های ذکر شده، گزینه ایمن‌تری به حساب می‌آیند. بنابراین، منطقه نورث هاربر احتمالاً برای شنا ایمن‌تر است. ,سواحل نورث شور (در منطقه نورث هاربر) در اقیانوس آرام است و از لانگ بی در شمال تا دونپورت در جنوب امتداد دارد. آنها تقریباً همه سواحل شنی هستند که شنا در آنها ایمن است و اکثر آنها دارای سایه درختان پوهوتوکاوا است.,"['سواحل نورث شور', 'نورث هاربر', 'شنا ایمن', 'سایه درختان پوهوتوکاوا']"
ساز و کار ام‌آرآی بر پایه پدیده‌ای در علم فیزیک است به نام رزونانس مغناطیسی هسته‌ای (NMR)، که در دهه 1930 توسط فلیکس بلوچ (فعال در دانشگاه استانفورد) و ادوارد پورسل (از دانشگاه هاروارد) کشف شد. در این رزونانس، میدان مغناطیسی و امواج رادیویی باعث می‌شود اتم‌ها سیگنال‌های رادیویی کوچکی را از خود بیرون دهند. در سال 1970، ریموند دامادیان، پزشک و دانشمند محقق، اساس استفاده از تصویربرداری رزونانس مغناطیسی را به عنوان ابزاری برای تشخیص پزشکی کشف کرد. چهار سال بعد حق اختراعی اعطا شد که اولین حق اختراع صادره در جهان در زمینه ام‌آرآی بود. در سال 1977، دکتر دامادیان اولین اسکنر MRI «تمام بدن» را ساخت و آن را Indomitable (رام‌نشدنی) نامید.,چه کسی رزونانس مغناطیسی هسته‌ای را کشف کرد؟ ,3,3,پورسل,دامادیان,بلوچ و پورسل,بلوچ و دامادیان,در متن به صراحت ذکر شده است که رزونانس مغناطیسی هسته‌ای (NMR) توسط فلیکس بلوچ و ادوارد پورسل کشف شد. اگرچه ریموند دامادیان اساس استفاده از این پدیده را به عنوان ابزاری برای تشخیص پزشکی کشف کرد، اما کشف خود پدیده رزونانس مغناطیسی هسته‌ای به بلوچ و پورسل نسبت داده می‌شود. بنابراین، انتخاب منطقی و درست، گزینه 3 است. ,رزونانس مغناطیسی هسته‌ای (NMR)، که در دهه 1930 توسط فلیکس بلوچ (فعال در دانشگاه استانفورد) و ادوارد پورسل (از دانشگاه هاروارد) کشف شد.,"['فلیکس بلوچ', 'ادوارد پورسل', 'رزونانس مغناطیسی هسته\u200cای', 'NMR', 'ریموند دامادیان']"
تیم ملی آفریقای جنوبی تیم ملی راگبی نیوزلند (All Blacks) را در یک مسابقه Tri Nations (سه ملیتی) اتحاد راگبی در ورزشگاه رویال بافوکنگ در راستنبرگ آفریقای جنوبی شکست داد. امتیاز نهایی یک پیروزی یک امتیازی، 21 بر 20 بود و به 15 برد متوالی All Blacks پایان داد. این مسابقه برای تیم اسپرینگ باکس منجر به پنجمین باخت پیاپی آن شد. این یک مسابقه نهایی برای All Blacks بود، که دو هفته پیش قهرمان این جام شده بود. هفته بعد مسابقه نهایی این سری در ورزشگاه الیس پارک در ژوهانسبورگ برگزار می‌شود و تیم ملی راگبی آفریقای جنوبی Springboks با استرالیا بازی می‌کند.,چه تیم‌هایی در مسابقه الیس پارک بازی خواهند کرد؟,3,3,All Blacks و استرالیا,نیوزلند و آفریقای جنوبی,آفریقای جنوبی و استرالیا,اسپرینگ باکس و All Blacks,با توجه به متن، مسابقه الیس پارک بین تیم‌های ملی راگبی آفریقای جنوبی و استرالیا برگزار خواهد شد. در متن آمده است: «هفته بعد مسابقه نهایی این سری در ورزشگاه الیس پارک در ژوهانسبورگ برگزار می‌شود و تیم ملی راگبی آفریقای جنوبی Springboks با استرالیا بازی می‌کند.» بنابراین، پاسخ صحیح گزینه 3 است. این مسابقه در ادامه سری مسابقات Tri Nations (سه ملیتی) برگزار می‌شود و تیم‌های حاضر در آن مشخص شده‌اند. ,هفته بعد مسابقه نهایی این سری در ورزشگاه الیس پارک در ژوهانسبورگ برگزار می‌شود و تیم ملی راگبی آفریقای جنوبی Springboks با استرالیا بازی می‌کند.,"['آفریقای جنوبی', 'استرالیا', 'الیس پارک', 'مسابقه', 'تیم ملی راگبی']"
براساس گزارش‌ها، یک آپارتمان در خیابان مکبث به دلیل نشت گاز منفجر شد. پس از آنكه يكی از همسایه‌ها درباره نشت گاز تماس گرفت، يكی از مقام‌های شركت گاز در محل رویداد در حال ارائه گزارش بود. وقتی مقام رسمی از راه رسید، آپارتمان منفجر شد. هیچ مصدومیت عمده ای گزارش نشده است، اما حداقل پنج نفر در زمان انفجار در آن صحنه به دلیل علائم شوک تحت درمان قرار گرفتند. هیچ کس در آپارتمان حضور نداشت. در آن موقع، تقریباً 100 نفر از ساکنان آن منطقه از آنجا بیرون برده شده بودند.,چه کسی نشت گاز را گزارش داد؟,1,1,یکی از همسایگان در آپارتمان,فردی که در آپارتمان زندگی می‌کرد,از مقام‌های شرکت گاز,مدیر آپارتمان,در متن آمده است که «یکی از همسایه‌ها درباره نشت گاز تماس گرفت». این جمله نشان می‌دهد که فردی که نشت گاز را گزارش داده، یکی از ساکنان آپارتمان‌های مجاور بوده است. بنابراین، گزینه 1 درست است. این گزارش توسط یکی از ساکنان محلی داده شده است، نه توسط فردی که در آپارتمان زندگی می‌کرد، مقام‌های شرکت گاز، یا مدیر آپارتمان. این واقعیت که ساکنان محلی از این موضوع آگاه بودند، نشان دهنده اهمیت آگاهی و نظارت بر چنین شرایط خطرناکی است. ,یکی از همسایه‌ها درباره نشت گاز تماس گرفت,"['نشت گاز', 'همسایه', 'تماس', 'گزارش', 'مقام\u200cهای شركت گاز']"
پس از صدها ساعت کار، رشته لامپ در نهایت می‌سوزد و لامپ دیگر کار نمی‌کند. سپس حباب لامپ باید تعویض گردد. هنگام تعویض حباب لامپ باید مراقب بود. ابتدا،‌ کلید متصل به لامپ باید خاموش گردد یا سیم آن قطع گردد. دلیلش این است که الکتریسیته‌ای که به داخل سوکت در محل قرارگیری قسمت فلزی حباب روانه می‌شود می‌تواند شوک الکتریکی شدیدی به شما بدهد البته اگر به داخل سوکت یا پایه فلزی حباب در حالی که بخشی از آن داخل سوکت است دست بزنید.,هنگام تعویض لامپ، لمس کدام یک از موارد زیر می‌تواند خطرناک باشد؟,3,3,رشته,کلید لامپ,پایه لامپ,سیم ,در متن ارائه شده، به صراحت به خطرات احتمالی هنگام تعویض لامپ اشاره شده است. در این میان، به دلیل وجود جریان الکتریکی در سوکت و پایه فلزی لامپ، لمس این قسمت‌ها می‌تواند منجر به شوک الکتریکی شود. بنابراین، گزینه 3، یعنی «پایه لامپ»، پاسخ صحیح است. این نکته در متن به صورت واضح بیان شده است: «دلیلش این است که الکتریسیته‌ای که به داخل سوکت در محل قرارگیری قسمت فلزی حباب روانه می‌شود می‌تواند شوک الکتریکی شدیدی به شما بدهد البته اگر به داخل سوکت یا پایه فلزی حباب در حالی که بخشی از آن داخل سوکت است دست بزنید.»,دلیلش این است که الکتریسیته‌ای که به داخل سوکت در محل قرارگیری قسمت فلزی حباب روانه می‌شود می‌تواند شوک الکتریکی شدیدی به شما بدهد البته اگر به داخل سوکت یا پایه فلزی حباب در حالی که بخشی از آن داخل سوکت است دست بزنید.,"['شوک الکتریکی', 'تعویض لامپ', 'پایه فلزی', 'سوکت', 'جریان الکتریکی']"
"به نظر می‌رسد که بزها ابتدا حدود 10,000 سال پیش در کوه‌های زاگرس ایران اهلی شده باشند. فرهنگهای کهن و قبایل شروع به نگهداری از آنها برای دسترسی آسان به شیر، پشم، گوشت، و پوست کردند. بزهای اهلی بطور کل بصورت گله‌ای روی تپه‌ها یا سایر مناطق چرا نگهداری می‌شدند و اغلب توسط بزچران‌هایی که اغلب کودک و نوجوان بودند مشابه چوپانان معمول تیمار می‌شدند. این روش‌های گله‌داری هنوز امروزه بکار می‌روند.",کدام یک از موارد زیر دلیلی بر نگهداری بز در فرهنگ‌های باستانی نبود؟,3,3,امکان دسترسی به گوشت را فراهم می‌کردند,به کوتاه کردن چمن‌ها کمک می‌کردند,نقش همراه را داشتند,دسترسی به شیر را فراهم می‌کردند,در متن ارائه شده، دلایل نگهداری بزها در فرهنگ‌های باستانی به شرح زیر است: دسترسی به شیر، پشم، گوشت، و پوست. هیچ اشاره‌ای به نقش همراه بودن بزها نشده است. بنابراین، گزینه 3 صحیح است. ,فرهنگهای کهن و قبایل شروع به نگهداری از آنها برای دسترسی آسان به شیر، پشم، گوشت، و پوست کردند.,"['دسترسی به شیر', 'پشم', 'گوشت', 'پوست']"
ستارگان به دلیل انرژی ایجاد شده هنگام ادغام (یا ذوب شدن) اتم های هیدروژن برای ساخت عناصر سنگین تر، نور و گرما تولید می‌کنند. دانشمندان در تلاش هستند رآکتوری بسازند که به همان روش انرژی تولید کند. با این حال، حل این مشکل کار بسیار سختی است و تا ساخت راکتورهای مفید فیوژن سال‌ها طول خواهد کشید.,یک راکتور همجوشی کارامد کدام یک از موارد زیر را تولید خواهد کرد؟,4,4,هیدروژن,ستاره‌ها,اتم‌ها,انرژی,از متن مشخص است که ستارگان با ادغام اتم‌های هیدروژن، انرژی تولید می‌کنند. دانشمندان نیز در تلاش هستند تا راکتوری بسازند که از همین روش برای تولید انرژی استفاده کند. بنابراین، یک راکتور همجوشی کارآمد، انرژی تولید خواهد کرد. ,ستارگان به دلیل انرژی ایجاد شده هنگام ادغام (یا ذوب شدن) اتم های هیدروژن برای ساخت عناصر سنگین تر، نور و گرما تولید می‌کنند. دانشمندان در تلاش هستند رآکتوری بسازند که به همان روش انرژی تولید کند.,"['ستارگان', 'اتم\u200cهای هیدروژن', 'انرژی', 'راکتور همجوشی', 'تولید انرژی']"
یکی از شایع‌ترین مشکلات هنگام تبدیل کردن فیلم به قالب DVD بیرون زدن تصویر از کادر است. اکثر تلویزیون‌ها طوری ساخته شده‌است که مورد پسند مردم باشد. به آن دلیل، هر آنچه در تلویزیون مشاهده می‌کنید، کناره‌هایش از بالا، پایین و دو طرف برش خورده است. این برای اطمینان از آن ساخته شده تا تصویر به درستی در کل صفحه نمایش داده می‌شود. به آن overscan گفته می‌شود. متأسفانه وقتی یک DVD می‌سازید، کناره‌هایش نیز به احتمال زیاد از کادر خارج می‌شود و اگر زیرنویس این ویدئو به پایین تصویر خیلی نزدیک باشد، کامل نشان داده نمی‌شوند.,چرا کناره تصاویر در تلویزیون برش خورده می‌شود؟,2,2,برای ایجاد امکان زیرنویس نوشتن,برای اینکه تصویر با کل صفحه تطبیق پیدا کند,برای ایجاد امکان تبدیل ساده به فرمت‌های دیگر,برای بیش از اندازه نزدیک به پایین برش خوردن زیرنویس‌ها,در متن ارائه شده، توضیح داده شده است که اکثر تلویزیون‌ها به گونه‌ای طراحی شده‌اند که تصویر به درستی در کل صفحه نمایش داده شود و این امر به دلیل وجود ویژگی overscan است. این ویژگی باعث می‌شود که کناره‌های تصویر برش خورده و به اصطلاح 'از کادر خارج شود' تا تصویر به طور کامل در صفحه نمایش داده شود. بنابراین، دلیل برش خوردن کناره‌های تصویر در تلویزیون، تطبیق تصویر با کل صفحه نمایش است. ,این برای اطمینان از آن ساخته شده تا تصویر به درستی در کل صفحه نمایش داده می‌شود. به آن overscan گفته می‌شود.,"['تصویر', 'صفحه', 'برش', 'overscan']"
روش بارز پرواز با صندلی فرست کلاس یا بیزینس این است که مبلغ هنگفتی را در ازای امتیاز بسلفید (یا بهتر اینکه می‌توانید به شرکتتان بگویید که ترتیب این کار را بدهد). با این حال، ارزان بدست نمی‌آید: یک قانون کلی می‌گوید می‌توان انتظار داشت تا چهار برابر کرایه عادی که برای حالت اقتصادی پرداخت می‌شود برای حالت تجاری و یازده برابر آن را برای درجه یک بپردازید! بطور کل، جستجوی تخفیف برای صندلی‌های بیزینس و فرست کلاس در پروازها از نقطه A به B هیچ فایده‌ای ندارد. خطوط هوایی به خوبی می‌دانند که گروهی از مسافرین هوایی با شرایط اضطراری مایل به پرداخت پول زیاد برای دریافت مزیت سفر سریع و راحت می‌باشند و بر این اساس قیمت‌گذاری می‌کنند.,مطابق با متن، هنگام رزرو کلاس‌های بلیط مشخص، جستجو برای چه چیز وقت تلف کردن است؟,3,3,پروازهای مستقیم,کلاس بیزینس,تخفیف‌ها,فرست کلاس,متن به صراحت بیان می‌کند که جستجو برای تخفیف در کلاس‌های بیزینس و فرست کلاس بی‌فایده است. این بدان معناست که جستجو برای تخفیف در این موارد وقت تلف کردن است. این استدلال بر اساس درک قیمت‌گذاری خطوط هوایی و تقاضای مسافران برای پروازهای سریع و راحت است. به طور خاص، متن اشاره می‌کند که خطوط هوایی می‌دانند مسافران در شرایط اضطراری حاضرند مبالغ بیشتری برای این نوع پروازها بپردازند. بنابراین، جستجو برای تخفیف در این کلاس‌های بلیط، احتمالاً نتیجه‌ای نخواهد داشت.,جستجوی تخفیف برای صندلی‌های بیزینس و فرست کلاس در پروازها از نقطه A به B هیچ فایده‌ای ندارد. خطوط هوایی به خوبی می‌دانند که گروهی از مسافرین هوایی با شرایط اضطراری مایل به پرداخت پول زیاد برای دریافت مزیت سفر سریع و راحت می‌باشند و بر این اساس قیمت‌گذاری می‌کنند.,"['جستجوی تخفیف', 'صندلی\u200cهای بیزینس و فرست کلاس', 'قیمت\u200cگذاری', 'مسافران در شرایط اضطراری']"
آدام کوئردن، مدیر منابع مشترک، هنگام گفتگو با ویکی‌نیوز در ماه گذشته،‌ از این حذفیات ابراز سرخوردگی کرد. «او [ولز] از همان ابتدا به ما دروغ گفت. اول از همه، با وانمود کردن اینکه این به‌خاطر دلایل قانونی است. دوم، با وانمود کردن اینکه به حرف‌های ما گوش می‌کند، اما درست تا حذف هنرش پیش رفت.» خشم جامعه منجر به تلاش‌های جاری برای طرح سیاستی در خصوص محتوای جنسی برای این سایت شد که میزبان میلیون‌ها رسانه با دسترسی آزاد است.,کدام‌یک از موارد زیر دلیل سرخوردگی آدام کوئردن نیست؟,1,1,خط‌مشی جدید سایت درخصوص محتوای جنسی,حذف هنر ولز,عدم توجه ولز,دروغ‌ها درباره دلیل حذف هنر,آدام کوئردن در مصاحبه‌ای با ویکی‌نیوز، نارضایتی خود را از دروغ‌ها و رفتار جیمی ولز ابراز کرده است. او به دو دروغ ولز اشاره می‌کند: اول، وانمود کردن به وجود دلایل قانونی برای حذف محتوا و دوم، وانمود کردن به گوش دادن به دیگران در حالی که در نهایت هنر خود را حذف کرد. همچنین، کوئردن از عدم توجه ولز به دیگران انتقاد می‌کند. اما در این متن، هیچ اشاره‌ای به نارضایتی کوئردن از خط‌مشی جدید سایت درخصوص محتوای جنسی نشده است. برعکس، به نظر می‌رسد که او از تلاش‌های جاری برای طرح سیاستی در این خصوص حمایت می‌کند. بنابراین، تنها گزینه‌ای که نمی‌تواند دلیل سرخوردگی کوئردن باشد، خط‌مشی جدید سایت است.,او [ولز] از همان ابتدا به ما دروغ گفت. اول از همه، با وانمود کردن اینکه این به‌خاطر دلایل قانونی است. دوم، با وانمود کردن اینکه به حرف‌های ما گوش می‌کند، اما درست تا حذف هنرش پیش رفت.»,"['آدام کوئردن', 'سرخوردگی', 'دروغ', 'عدم توجه', 'حذف هنر', 'سیاست محتوای جنسی']"
طوفان استوایی دانیل، که چهارمین طوفان در فصل طوفان‌های اقیانوس اطلس در سال 2010 است، در اقیانوس اطلس شرقی شکل گرفته است. طوفان، که در فاصله تقریبی 3000 مایل از میامی، فلوریدا واقع شده است، حداکثر پایداری سرعت وزش باد 40 مایل بر ساعت (64 کیلومتر بر ساعت) را دارد. دانشمندان مرکز ملی طوفان پیش بینی می کنند که دانیل تا روز چهارشنبه تقویت می‌شود و به یک طوفان تبدیل می‌شود. از آنجا که طوفان بسیار دورتر از سطح زمین است، ارزیابی تأثیر احتمالی آن بر ایالات متحده یا کارائیب همچنان دشوار است.,چرا اندازه‌گیری تأثیر احتمالی طوفان استوایی دانیل چالش‌برانگیز است؟,3,3,پیش‌بینی می‌شود این طوفان به یک توفند شدت یابد,دانشمندان درباره پایداری سرعت وزش بادهای طوفان مطمئن نیستند,طوفان خیلی از خشکی فاصله دارد,طوفان فاصله خیلی زیادی از میامی دارد,در متن آمده است که طوفان دانیل در فاصله‌ای حدود 3000 مایلی از میامی قرار دارد و این فاصله زیاد از خشکی، ارزیابی تأثیر احتمالی آن را دشوار می‌کند. این فاصله زیاد، یکی از دلایل اصلی چالش‌برانگیز بودن پیش‌بینی تأثیر طوفان است. به همین دلیل، گزینه 3 صحیح است. ,از آنجا که طوفان بسیار دورتر از سطح زمین است، ارزیابی تأثیر احتمالی آن بر ایالات متحده یا کارائیب همچنان دشوار است.,"['طوفان استوایی دانیل', 'فاصله', 'ارزیابی تأثیر احتمالی', 'اقیانوس اطلس', '3000 مایل', 'میامی']"
در قدیم اینطور بود که وارث تاج و تخت درست پس از اتمام تحصیل به سربازی می‌رفت. با این حال، چارلز به دانشگاه در کالج ترینیتی در کمبریج رفت و در آنجا به تحصیل مردم‌شناسی و باستان‌شناسی مشغول شد، و بعدها به تاریخ پرداخت و مدرک 2:2 (مدرک با درجه دوم پایین) را کسب کرد. «چارلز» اولین عضو از خانواده سلطنتی بریتانیا بود که به او مدرک تحصیلی داده شده است.,با توجه به متن، کدام مورد برای وارث تاج و تخت عادی در نظر گرفته می‌شود؟,2,2,دریافت مدرک 2:2,رها کردن دانشگاه برای رفتن به سربازی,مطالعه تاریخ,تحصیل در دانشگاه پیش از رفتن به سربازی,در متن به این نکته اشاره شده است که وارث تاج و تخت معمولاً بلافاصله پس از اتمام تحصیل به سربازی می‌رفت. این امر نشان می‌دهد که رفتن به سربازی بدون اتمام تحصیلات دانشگاهی، امری عادی و مرسوم بوده است. در واقع، این سنت به این صورت بوده که وارث تاج و تخت پس از اتمام تحصیلات رسمی خود، به سربازی می‌رفته است. اما در مورد چارلز، او به دانشگاه رفت و تحصیلات دانشگاهی خود را به اتمام رساند و سپس مدرک 2:2 دریافت کرد. این امر نشان می‌دهد که رفتن به دانشگاه و دریافت مدرک تحصیلی، خارج از رویه معمول وارثان تاج و تخت بوده است. بنابراین، گزینه 2، رها کردن دانشگاه برای رفتن به سربازی، به عنوان یک رویه عادی و معمول در نظر گرفته می‌شود. ,در قدیم اینطور بود که وارث تاج و تخت درست پس از اتمام تحصیل به سربازی می‌رفت.,"['وارث تاج و تخت', 'سربازی', 'دانشگاه', 'مدرک تحصیلی']"
روز چهارشنبه، اتحادیه ملی بسکتبال ایالات متحده (NBA) به دلیل نگرانی در مورد کووید-19، فصل بسکتبال حرفه‌ای خود را به حالت تعلیق درآورد. تصمیم NBA به دنبال آزمایش مثبت ویروس کووید-19 بازیکن یوتا جاز بود.,NBA تصمیم به تعلیق کدام مورد زیر گرفت؟,1,1,فصل بسکتبال,یک بازیکن از یوتا جاز,هر بازیکنی که تست کووید-19 او مثبت شد,تیم بسکتبال یوتا جاز,در متن آمده است که اتحادیه ملی بسکتبال ایالات متحده (NBA) فصل بسکتبال حرفه‌ای خود را به حالت تعلیق درآورده است. این تصمیم پس از آن گرفته شد که یکی از بازیکنان تیم یوتا جاز به ویروس کووید-19 مبتلا شد. اما در متن اشاره‌ای به تعلیق تیم یوتا جاز یا هر بازیکن دیگری نشده است. لذا تنها گزینه صحیح، گزینه 1 است. ,اتحادیه ملی بسکتبال ایالات متحده (NBA) فصل بسکتبال حرفه‌ای خود را به حالت تعلیق درآورده است.,"['اتحادیه ملی بسکتبال ایالات متحده', 'فصل بسکتبال', 'تعلیق', 'کووید-19', 'بازیکن یوتا جاز']"
پس از آنکه مشخص شد بسیاری از خانواده‌ها به دنبال کمک حقوقی برای جلوگیری از اخراج هستند، جلسه‌ای در تاریخ 20 مارس در «مرکز حقوق عام خلیج شرقی» برای مالباختگان کلاهبرداری مسکن برگزار شد. وقتی اجاره‌نشین‌ها شروع به درمیان گذاشتن چیزی کردند که برای آنها اتفاق افتاده بود، اکثر خانواده‌های درگیر ناگهان متوجه شدند که کارولین ویلسون از OHA پول‌پیش آن‌ها را به سرقت برده و از شهر متواری شده است. مستاجرین در باغ لاک وود بر این باورند که ممکن است 40 خانواده یا تعداد بیشتری با حکم اخراج روبرو شوند، زیرا دریافتند که پلیس OHA در حال بررسی سایر املاک مسکونی عمومی‌ در اوکلند است که ممکن است در دام کلاهبرداری مسکن گرفتار شده باشند.,مطابق با آنچه در متن بیان شد، کارولین ویلسون قبل از ترک شهر برای چه کسانی کار می‌کرد؟,3,3,مرکز حقوق عام خلیج شرقی,پلیس اوکلند,OHA,باغ‌های لاک‌وود,در متن به صراحت ذکر شده است که کارولین ویلسون از OHA پول‌پیش خانواده‌ها را به سرقت برده است. این نشان می‌دهد که او قبل از فرار از شهر، در OHA مشغول به کار بوده است. همچنین، OHA به عنوان یک سازمان یا نهاد معرفی شده است، در حالی که باغ‌های لاک‌وود یک مکان جغرافیایی است و نمی‌تواند کارفرمای کارولین باشد. هیچ اشاره‌ای به ارتباط او با مرکز حقوق عام خلیج شرقی یا پلیس اوکلند در متن وجود ندارد. بنابراین، گزینه 3 تنها انتخاب منطقی است. , کارولین ویلسون از OHA پول‌پیش خانواده‌ها را به سرقت برده است.,"['کارولین ویلسون', 'OHA', 'سرقت', 'پول\u200cپیش', 'مرکز حقوق عام خلیج شرقی', 'پلیس OHA', 'باغ لاک وود']"
مسافران ممکن است با انواعی از حیوانات موذی مواجه شوند که در مناطق بومی خودشان با آنها آشنایی نداشته‌اند. حیوانات موذی غذا را خراب می‌کنند، سبب آزار و اذیت می‌شوند یا در حالت بدتر سبب واکنش‌های حساسیت‌زا می‌شوند، زهر خود را پخش می‌کنند یا باعث انتقال عفونت‌ها می‌شوند. خود بیماری‌های عفونی یا حیوانات خطرناکی که می‌توانند افراد را با قدرت خود مجروح کنند یا بکشند، معمولاً با عنوان بلایا توصیف نمی‌شوند.,انجام کدام‌یک از موارد زیر احتمالاً از یک حیوان موذی بعید است؟,4,4,سبب جوش زدن شدن,حساسیت‌های پوستی,انتقال عفونت,سبب جراحت‌های شدید شدن,در متن ارائه شده، به صراحت ذکر شده است که حیوانات موذی ممکن است سبب انتقال عفونت شوند، اما اشاره‌ای به توانایی آنها در ایجاد جراحت‌های شدید نشده است. در واقع، حیوانات موذی معمولاً به دلیل اندازه و قدرت محدود خود، توانایی آسیب‌رسانی جدی به انسان را ندارند. بنابراین، گزینه 4، یعنی 'سبب جراحت‌های شدید شدن'، احتمالاً از یک حیوان موذی بعید است. ,حیوانات موذی غذا را خراب می‌کنند، سبب آزار و اذیت می‌شوند یا در حالت بدتر سبب واکنش‌های حساسیت‌زا می‌شوند، زهر خود را پخش می‌کنند یا باعث انتقال عفونت‌ها می‌شوند. خود بیماری‌های عفونی یا حیوانات خطرناکی که می‌توانند افراد را با قدرت خود مجروح کنند یا بکشند، معمولاً با عنوان بلایا توصیف نمی‌شوند.,"['حیوانات موذی', 'انتقال عفونت', 'جراحت\u200cهای شدید', 'بیماری\u200cهای عفونی', 'حیوانات خطرناک']"
